Created on 06-28-2020,https://www.CryptoDataDownload.com
Date,Symbol,Open,High,Low,Close,Volume ETH,Volume USD
2020-06-28,ETHUSD,220.85,220.85,217.94,220.32,1046.8,229193.49
2020-06-27,ETHUSD,229.25,231,215.28,220.85,6274.21,1398121.02
2020-06-26,ETHUSD,232.3,233.15,227.32,229.25,4494.72,1034047.73
2020-06-25,ETHUSD,234.56,235.09,227.15,232.3,4848.02,1125735.43
2020-06-24,ETHUSD,242.79,249.09,230.81,234.56,6335.14,1505150.08
2020-06-23,ETHUSD,243.26,244.85,240.91,242.79,2758.34,669221.99
2020-06-22,ETHUSD,227.55,246.8,227.39,243.26,5249.34,1252501.08
2020-06-21,ETHUSD,229.23,231.35,226.89,227.55,1351.64,309951.89
2020-06-20,ETHUSD,228.38,230.58,225.1,229.23,1795.11,409285.94
2020-06-19,ETHUSD,231.25,231.76,226.4,228.38,4497.53,1031383.0
2020-06-18,ETHUSD,233.76,234.46,227.62,231.25,3394.17,785745.84
2020-06-17,ETHUSD,235.2,235.68,227.57,233.76,2559.6,594546.24
2020-06-16,ETHUSD,230.81,236.03,229.06,235.2,3962.6,924622.57
2020-06-15,ETHUSD,231.57,233.5,218.05,230.81,6417.86,1450480.58
2020-06-14,ETHUSD,238.44,238.58,229.88,231.57,2854.23,668708.83
2020-06-13,ETHUSD,237.54,238.71,234.59,238.44,956.04,226254.54
2020-06-12,ETHUSD,230.05,239.39,228.07,237.54,3705.1,872117.52
2020-06-11,ETHUSD,247.97,250.22,225.47,230.05,10813.37,2573724.04
2020-06-10,ETHUSD,243.9,250.53,240.96,247.97,7414.07,1818506.49
2020-06-09,ETHUSD,246.4,249.98,238.44,243.9,6258.16,1523388.34
2020-06-08,ETHUSD,244.56,248.03,240.85,246.4,5199.67,1268113.83
2020-06-07,ETHUSD,242.03,245.36,234.58,244.56,7036.16,1688318.48
2020-06-06,ETHUSD,240.06,244.56,237.91,242.03,4370.78,1052963.72
2020-06-05,ETHUSD,243.4,248.11,238.51,240.06,6018.76,1460588.45
2020-06-04,ETHUSD,244.77,246.56,236.16,243.4,3686.55,893052.6
2020-06-03,ETHUSD,238,245.27,233.51,244.77,2704.09,646869.56
2020-06-02,ETHUSD,248.2,253.64,224.58,238,8459.28,2027061.52
2020-06-01,ETHUSD,231.51,251.4,230.64,248.2,5828.72,1415007.04
2020-05-31,ETHUSD,243.23,245.4,229.71,231.51,2837.39,673456.55
2020-05-30,ETHUSD,220.44,247.01,218.77,243.23,5226.67,1203232.28
2020-05-29,ETHUSD,220.42,224.67,217.62,220.44,4339.96,959770.84
2020-05-28,ETHUSD,208.06,220.47,204.63,220.42,4860.19,1027583.66
2020-05-27,ETHUSD,200.9,208.37,200.9,208.06,1952.1,401197.7
2020-05-26,ETHUSD,204.04,204.87,196.69,200.9,2858.08,575333.26
2020-05-25,ETHUSD,199.41,205.33,198,204.04,2077.5,422328.38
2020-05-24,ETHUSD,206.66,210.57,199.41,199.41,2655.85,545829.93
2020-05-23,ETHUSD,207.26,211.23,204.56,206.66,1100.06,228229.69
2020-05-22,ETHUSD,198.34,209.08,196.43,207.26,2915.25,592551.55
2020-05-21,ETHUSD,209.85,211.44,191.59,198.34,5359.48,1075972.73
2020-05-20,ETHUSD,214.42,215.42,205.96,209.85,4282.41,902966.28
2020-05-19,ETHUSD,214.63,215.95,209.25,214.42,6327.9,1342912.66
2020-05-18,ETHUSD,206.81,217.14,206.81,214.63,6891.65,1463846.79
2020-05-17,ETHUSD,200.49,209.9,199.74,206.81,5671.83,1168778.24
2020-05-16,ETHUSD,194.26,203.31,193.28,200.49,3508.17,700642.84
2020-05-15,ETHUSD,203.19,204.24,191.32,194.26,5600.65,1108723.3
2020-05-14,ETHUSD,200.2,206.18,195.6,203.19,7322.98,1476575.31
2020-05-13,ETHUSD,189.53,201.25,188.49,200.2,4481.65,871419.22
2020-05-12,ETHUSD,186.04,192.37,185.87,189.53,4822.5,914886.51
2020-05-11,ETHUSD,187.73,193.51,176.24,186.04,11312.12,2089507.36
2020-05-10,ETHUSD,210.32,210.32,179.86,187.73,23756.8,4521790.07
2020-05-09,ETHUSD,211.39,214.83,208.38,210.32,2450.77,518946.41
2020-05-08,ETHUSD,212.22,216.96,207.38,211.39,3432.29,726046.95
2020-05-07,ETHUSD,199.42,215.45,196.69,212.22,7406.82,1541559.04
2020-05-06,ETHUSD,205.42,211.09,198.33,199.42,5236.23,1079728.8
2020-05-05,ETHUSD,207.27,211.99,201.2,205.42,3849.21,790136.87
2020-05-04,ETHUSD,210.13,210.81,195.22,207.27,5931.35,1203306.74
2020-05-03,ETHUSD,214.39,219.31,204.87,210.13,6740.66,1427655.06
2020-05-02,ETHUSD,212.03,215.57,210.59,214.39,3234.86,688669.08
2020-05-01,ETHUSD,206.29,217.37,206.24,212.03,4842.76,1024739.99
2020-04-30,ETHUSD,215.57,226.65,202.24,206.29,17307.04,3708370.93
2020-04-29,ETHUSD,196.88,219.44,196.88,215.57,13270.15,2793076.6
2020-04-28,ETHUSD,196.63,197.97,192.47,196.88,3893.65,759683.94
2020-04-27,ETHUSD,197.71,199.46,189.72,196.63,5879.35,1148400.98
2020-04-26,ETHUSD,194.44,200.16,192.5,197.71,6323.46,1239700.7
2020-04-25,ETHUSD,187.39,198.54,185.91,194.44,8025.7,1557665.59
2020-04-24,ETHUSD,185.51,189.87,184.78,187.39,2617.08,491122.97
2020-04-23,ETHUSD,182.86,194.67,178.3,185.51,9058.39,1699809.16
2020-04-22,ETHUSD,170.87,184.15,170.04,182.86,4073.05,724937.31
2020-04-21,ETHUSD,170.9,174.74,168.5,170.87,8640.45,1483651.56
2020-04-20,ETHUSD,180.34,186.69,166.8,170.9,13253.72,2325667.09
2020-04-19,ETHUSD,187.81,188.52,176.53,180.34,6876.67,1250250.94
2020-04-18,ETHUSD,170.82,189.82,170.82,187.81,6049.6,1088949.27
2020-04-17,ETHUSD,172.61,175.18,168.42,170.82,5162.31,883441.5
2020-04-16,ETHUSD,152.91,175.14,148.43,172.61,14577.52,2416968.51
2020-04-15,ETHUSD,158.58,161.43,152.12,152.91,5874.37,922055.53
2020-04-14,ETHUSD,156.76,162.09,155.51,158.58,5622.79,892832.1
2020-04-13,ETHUSD,158.77,159.34,149.91,156.76,10462.38,1608511.6
2020-04-12,ETHUSD,158.68,165.29,155.3,158.77,5406.59,874975.8
2020-04-11,ETHUSD,157.89,161.37,154.16,158.68,3154.16,501373.14
2020-04-10,ETHUSD,169.92,170.21,152.45,157.89,18188.4,2897624.05
2020-04-09,ETHUSD,173.28,173.55,165.13,169.92,6211.71,1054827.27
2020-04-08,ETHUSD,164.68,174.58,163.72,173.28,16770.37,2844323.28
2020-04-07,ETHUSD,171.39,176.39,162.24,164.68,27553.69,4691749.8
2020-04-06,ETHUSD,142.78,172.09,142.78,171.39,35484.05,5498794.55
2020-04-05,ETHUSD,144.47,145.86,140.75,142.78,9739.77,1396356.16
2020-04-04,ETHUSD,141.35,146.73,139.02,144.47,16987.02,2415976.86
2020-04-03,ETHUSD,141.49,146.81,137.73,141.35,21024.2,3004522.58
2020-04-02,ETHUSD,135.88,151.11,135.57,141.49,19160.43,2693986.05
2020-04-01,ETHUSD,133.57,137.22,128.9,135.88,13422.17,1784864.67
2020-03-31,ETHUSD,132.94,135.39,130.55,133.57,6891.47,914826.84
2020-03-30,ETHUSD,124.44,135.58,124.07,132.94,9554.38,1239819.53
2020-03-29,ETHUSD,131.2,132.01,123.99,124.44,7966.78,1015598.01
2020-03-28,ETHUSD,131.7,133.11,125.07,131.2,8529.32,1096543.4
2020-03-27,ETHUSD,138.88,141.4,130.07,131.7,7133.49,975229.5
2020-03-26,ETHUSD,136.43,140.11,133.8,138.88,4798.58,654869.61
2020-03-25,ETHUSD,139.01,142.77,132.87,136.43,10067.17,1382241.37
2020-03-24,ETHUSD,136.45,144.01,133.46,139.01,10688.27,1478636.59
2020-03-23,ETHUSD,122.31,138.23,119.45,136.45,16009.38,2065672.25
2020-03-22,ETHUSD,132.68,137.41,121.15,122.31,12823.25,1645229.32
2020-03-21,ETHUSD,133.74,137.65,125.94,132.68,15238.9,2006051.02
2020-03-20,ETHUSD,136.83,152.81,116.72,133.74,67369.47,9482965.32
2020-03-19,ETHUSD,118.55,143.36,115.97,136.83,47418.22,6311655.86
2020-03-18,ETHUSD,116.46,118.86,110.61,118.55,10416.45,1193685.69
2020-03-17,ETHUSD,111.06,121.09,109.8,116.46,22561.63,2636748.48
2020-03-16,ETHUSD,123.73,124.4,102.21,111.06,35190.37,3899099.59
2020-03-15,ETHUSD,121.99,133.98,120.37,123.73,6777.04,839423.8
2020-03-14,ETHUSD,135.63,135.63,120.62,121.99,11275.02,1457895.62
2020-03-13,ETHUSD,106.86,157.72,86.06,135.63,20774.64,2548497.15
2020-03-12,ETHUSD,194.64,195.38,101.46,106.86,100407.3,14613876.25
2020-03-11,ETHUSD,200.38,203.18,181.62,194.64,13973.26,2714564.83
2020-03-10,ETHUSD,202.98,206.04,195.7,200.38,19944.65,4021166.25
2020-03-09,ETHUSD,199.06,208.58,189.87,202.98,23518.64,4711465.81
2020-03-08,ETHUSD,237.71,237.71,195.52,199.06,14950.92,3253455.64
2020-03-07,ETHUSD,245.59,252.49,236.34,237.71,7864.48,1913175.55
2020-03-06,ETHUSD,228.49,245.8,227.63,245.59,9523.66,2239403.5
2020-03-05,ETHUSD,224.57,234.36,224.57,228.49,10629.36,2437710.61
2020-03-04,ETHUSD,223.72,228.65,220.31,224.57,19559.81,4397494.43
2020-03-03,ETHUSD,232.25,232.76,219.98,223.72,22315.35,5051771.12
2020-03-02,ETHUSD,217.62,234.5,215.8,232.25,22801.9,5118816.05
2020-03-01,ETHUSD,217.95,227.91,212.33,217.62,18948.07,4157200.13
2020-02-29,ETHUSD,227.27,233.23,217.9,217.95,7764.0,1766381.19
2020-02-28,ETHUSD,227.63,234.58,213.76,227.27,29558.16,6621913.78
2020-02-27,ETHUSD,223.62,238.37,210,227.63,69929.84,15648292.22
2020-02-26,ETHUSD,246.48,249.8,215.98,223.62,51956.35,12008118.21
2020-02-25,ETHUSD,265.56,266.11,244.53,246.48,15800.62,4043255.92
2020-02-24,ETHUSD,274.97,277.33,257.63,265.56,19868.65,5293029.58
2020-02-23,ETHUSD,262.17,275.33,261.41,274.97,3006.64,808270.97
2020-02-22,ETHUSD,265.71,267.4,256.5,262.17,11055.82,2894362.8
2020-02-21,ETHUSD,257.23,268.66,253.98,265.71,33709.78,8822925.8
2020-02-20,ETHUSD,258.55,264,245.35,257.23,31202.29,7979208.5
2020-02-19,ETHUSD,282.05,286.43,250.5,258.55,9228.32,2521173.32
2020-02-18,ETHUSD,267.66,285.87,261.18,282.05,1478.57,403028.06
2020-02-17,ETHUSD,260.25,268.09,242.55,267.66,3852.67,973336.91
2020-02-16,ETHUSD,264.73,273.89,237.24,260.25,4503.53,1182585.41
2020-02-15,ETHUSD,286.01,289.04,261.58,264.73,5685.94,1561416.07
2020-02-14,ETHUSD,268.67,287.3,260.34,286.01,3970.13,1075066.88
2020-02-13,ETHUSD,266.09,277.43,256.09,268.67,2624.46,701179.39
2020-02-12,ETHUSD,237.86,275.82,237.86,266.09,3914.44,996990.22
2020-02-11,ETHUSD,223.4,238.87,218.2,237.86,3658.79,832571.84
2020-02-10,ETHUSD,228.75,229.71,216.35,223.4,1758.05,390702.39
2020-02-09,ETHUSD,223.7,230.71,223.16,228.75,1228.8,279160.2
2020-02-08,ETHUSD,223.17,227.74,213.43,223.7,2350.08,524658.4
2020-02-07,ETHUSD,212.77,224.54,212.77,223.17,2022.95,444113.0
2020-02-06,ETHUSD,204.04,216.05,201.28,212.77,2407.06,504414.71
2020-02-05,ETHUSD,188.34,207.77,187.71,204.04,1571.69,310656.53
2020-02-04,ETHUSD,189.65,191.44,184.57,188.34,1743.98,326416.15
2020-02-03,ETHUSD,188.06,195.22,186.13,189.65,4968.09,943528.4
2020-02-02,ETHUSD,183.67,193.56,178.95,188.06,1609.21,306626.53
2020-02-01,ETHUSD,179.49,184.1,179.24,183.67,3990.66,723607.28
2020-01-31,ETHUSD,184.96,186.24,174.9,179.49,4887.54,879181.41
2020-01-30,ETHUSD,173.42,186.39,170.7,184.96,7297.55,1286608.0
2020-01-29,ETHUSD,175.74,178.59,173.11,173.42,6249.03,1101581.63
2020-01-28,ETHUSD,169.76,176.51,169.76,175.74,9767.53,1687998.49
2020-01-27,ETHUSD,167.43,171.63,164.99,169.76,6038.89,1017828.26
2020-01-26,ETHUSD,160.08,167.66,159.1,167.43,4355.62,710124.07
2020-01-25,ETHUSD,162.17,162.17,157.45,160.08,2087.31,333113.98
2020-01-24,ETHUSD,162.41,164.06,155.21,162.17,7357.95,1177177.28
2020-01-23,ETHUSD,167.73,167.77,158.67,162.41,16658.11,2706906.12
2020-01-22,ETHUSD,169.14,171.01,165.71,167.73,5111.36,858290.72
2020-01-21,ETHUSD,166.54,170.2,164.8,169.14,5657.09,946313.97
2020-01-20,ETHUSD,166.62,167.89,161.02,166.54,5982.5,987699.85
2020-01-19,ETHUSD,173.66,177.76,161.64,166.62,6216.53,1041461.29
2020-01-18,ETHUSD,169.71,179.07,164.69,173.66,4275.03,735552.93
2020-01-17,ETHUSD,163.85,174.02,161.94,169.71,6620.76,1119166.22
2020-01-16,ETHUSD,166.13,167.13,158.24,163.85,2647.01,430561.83
2020-01-15,ETHUSD,165.14,171.45,159.42,166.13,14888.32,2465001.48
2020-01-14,ETHUSD,143.47,170.98,143.47,165.14,8715.18,1381592.43
2020-01-13,ETHUSD,146.49,146.98,142.13,143.47,1221.96,175700.83
2020-01-12,ETHUSD,142.6,146.49,141.76,146.49,2855.55,411423.25
2020-01-11,ETHUSD,144.71,148,142.02,142.6,6094.64,879770.62
2020-01-10,ETHUSD,137.92,144.97,135.17,144.71,6949.24,968797.66
2020-01-09,ETHUSD,140.51,141.32,135.25,137.92,4504.96,622407.13
2020-01-08,ETHUSD,143.19,147.99,137.08,140.51,5944.79,846739.0
2020-01-07,ETHUSD,144.06,145.27,138.9,143.19,8137.47,1162839.22
2020-01-06,ETHUSD,135.2,144.37,134.8,144.06,6950.26,977330.29
2020-01-05,ETHUSD,133.86,138.15,133.86,135.2,2738.63,374994.53
2020-01-04,ETHUSD,133.7,135.63,132.44,133.86,668.35,89170.06
2020-01-03,ETHUSD,126.78,134.85,125.64,133.7,2264.13,295407.72
2020-01-02,ETHUSD,130.08,130.24,126.11,126.78,1511.1,194193.69
2020-01-01,ETHUSD,128.43,132.39,128.37,130.08,622.62,81592.81
2019-12-31,ETHUSD,131.26,132.93,127.88,128.43,542.2,70734.69
2019-12-30,ETHUSD,134.35,135.79,129.98,131.26,173.92,22992.09
2019-12-29,ETHUSD,128.11,137.42,127.42,134.35,1211.1,158240.61
2019-12-28,ETHUSD,126.25,129.27,125.82,128.11,611.69,77898.22
2019-12-27,ETHUSD,125.48,126.72,121.99,126.25,1313.03,164197.6
2019-12-26,ETHUSD,124.87,132.05,124.22,125.48,1291.49,163668.63
2019-12-25,ETHUSD,127.73,127.73,123.22,124.87,951.27,118965.54
2019-12-24,ETHUSD,127.88,129.06,126.68,127.73,685.51,87718.16
2019-12-23,ETHUSD,132.25,134.96,126.31,127.88,1940.78,255363.88
2019-12-22,ETHUSD,126.94,132.91,126.94,132.25,802.09,104358.11
2019-12-21,ETHUSD,128.02,128.32,126.64,126.94,506.24,64434.98
2019-12-20,ETHUSD,128.19,129.34,125.99,128.02,1228.06,156343.26
2019-12-19,ETHUSD,133.01,134.14,125.76,128.19,1801.7,230321.78
2019-12-18,ETHUSD,121.51,133.54,116.59,133.01,952.43,119468.36
2019-12-17,ETHUSD,132.5,133.02,119.93,121.51,383.37,49233.93
2019-12-16,ETHUSD,142.35,142.44,129.05,132.5,2031.07,279339.16
2019-12-15,ETHUSD,141.89,143.98,139.86,142.35,2241.27,318289.18
2019-12-14,ETHUSD,144.56,144.82,141.03,141.89,838.97,119517.27
2019-12-13,ETHUSD,144.75,145.05,142.78,144.56,2196.74,316645.63
2019-12-12,ETHUSD,143.09,145.67,139.19,144.75,4650.79,666428.82
2019-12-11,ETHUSD,145.45,146.28,142.04,143.09,2911.92,419810.88
2019-12-10,ETHUSD,147.37,148.22,143.78,145.45,2269.21,332430.09
2019-12-09,ETHUSD,150.57,151.17,146.71,147.37,3951.23,591270.84
2019-12-08,ETHUSD,147.4,151.78,146.26,150.57,3443.33,512922.51
2019-12-07,ETHUSD,148.69,149.76,147.11,147.4,2771.57,411857.15
2019-12-06,ETHUSD,148.05,149.73,145.99,148.69,4406.81,649848.1
2019-12-05,ETHUSD,145.42,148.97,143.8,148.05,3804.25,556929.77
2019-12-04,ETHUSD,147.33,152.49,143.36,145.42,6507.04,961025.08
2019-12-03,ETHUSD,148.97,150.01,145.63,147.33,1882.46,279115.19
2019-12-02,ETHUSD,150.93,151.55,146.8,148.97,2583.01,384826.86
2019-12-01,ETHUSD,151.68,152.36,145.97,150.93,3399.0,503792.06
2019-11-30,ETHUSD,154.77,155.4,149.91,151.68,2124.44,325554.13
2019-11-29,ETHUSD,150.92,157.52,150.54,154.77,5558.5,860778.47
2019-11-28,ETHUSD,153.08,154.73,150.21,150.92,3081.63,470580.1
2019-11-27,ETHUSD,147.68,155.74,141.23,153.08,4703.43,706247.95
2019-11-26,ETHUSD,145.97,150.06,143.66,147.68,2837.5,414750.04
2019-11-25,ETHUSD,139.25,151.57,131.96,145.97,7147.09,1009866.38
2019-11-24,ETHUSD,152.33,152.33,138.73,139.25,3046.71,443136.96
2019-11-23,ETHUSD,149.9,154.43,146.29,152.33,4768.51,713372.85
2019-11-22,ETHUSD,160.84,162.51,138.53,149.9,9043.37,1400419.97
2019-11-21,ETHUSD,174.44,175.36,154.48,160.84,20360.3,3383044.11
2019-11-20,ETHUSD,175.59,177.24,173.37,174.44,18034.22,3163253.27
2019-11-19,ETHUSD,177.92,178.08,172.2,175.59,12230.92,2146803.64
2019-11-18,ETHUSD,183.88,184.96,174.1,177.92,18875.88,3399424.42
2019-11-17,ETHUSD,182.28,186.28,180.05,183.88,13607.52,2492973.67
2019-11-16,ETHUSD,179.81,183.17,179.08,182.28,9423.07,1709427.27
2019-11-15,ETHUSD,184.46,186.54,177.02,179.81,21101.72,3827666.9
2019-11-14,ETHUSD,187.76,188.31,182.67,184.46,15920.84,2944640.4
2019-11-13,ETHUSD,186.8,189.36,185.03,187.76,8275.85,1549110.25
2019-11-12,ETHUSD,184.64,187.26,182.08,186.8,8096.76,1498727.01
2019-11-11,ETHUSD,188.95,190.02,183.86,184.64,4544.09,845655.74
2019-11-10,ETHUSD,185.02,191.98,183.44,188.95,8028.47,1509721.94
2019-11-09,ETHUSD,183.58,185.6,182.69,185.02,5461.92,1006864.23
2019-11-08,ETHUSD,186.25,188,180.79,183.58,6415.45,1178859.96
2019-11-07,ETHUSD,191.34,192.32,184.27,186.25,3721.52,698041.19
2019-11-06,ETHUSD,189.23,194.53,187.26,191.34,2762.84,524206.36
2019-11-05,ETHUSD,185.84,192.18,182.47,189.23,1217.13,228452.65
2019-11-04,ETHUSD,181.84,189.26,180.42,185.84,1473.56,275304.36
2019-11-03,ETHUSD,183.06,184.46,178.89,181.84,517.2,94255.42
2019-11-02,ETHUSD,183.17,186.13,181.88,183.06,889.88,163076.69
2019-11-01,ETHUSD,182.51,184.64,177.12,183.17,1207.29,218287.39
2019-10-31,ETHUSD,183.38,185.29,177.67,182.51,2301.65,419205.63
2019-10-30,ETHUSD,164.78,184.07,164.78,183.38,568.99,103857.77
2019-10-29,ETHUSD,164.78,164.78,164.78,164.78,0.0,0.0
2019-10-28,ETHUSD,164.78,164.78,164.78,164.78,0.0,0.0
2019-10-27,ETHUSD,164.78,164.78,164.78,164.78,0.0,0.0
2019-10-26,ETHUSD,164.78,164.78,164.78,164.78,0.0,0.0
2019-10-25,ETHUSD,164.78,164.78,164.78,164.78,0.0,0.0
2019-10-24,ETHUSD,164.78,164.78,164.78,164.78,0.0,0.0
2019-10-23,ETHUSD,164.78,164.78,164.78,164.78,0.0,0.0
2019-10-22,ETHUSD,164.78,164.78,164.78,164.78,0.0,0.0
2019-10-21,ETHUSD,164.78,164.78,164.78,164.78,0.0,0.0
2019-10-20,ETHUSD,164.78,164.78,164.78,164.78,0.0,0.0
2019-10-19,ETHUSD,164.78,164.78,164.78,164.78,0.0,0.0
2019-10-18,ETHUSD,164.78,164.78,164.78,164.78,0.0,0.0
2019-10-17,ETHUSD,164.78,164.78,164.78,164.78,0.0,0.0
2019-10-16,ETHUSD,164.78,164.78,164.78,164.78,0.0,0.0
2019-10-15,ETHUSD,164.78,164.78,164.78,164.78,0.0,0.0
2019-10-14,ETHUSD,164.78,164.78,164.78,164.78,0.0,0.0
2019-10-13,ETHUSD,164.78,164.78,164.78,164.78,0.0,0.0
2019-10-12,ETHUSD,164.78,164.78,164.78,164.78,0.0,0.0
2019-10-11,ETHUSD,164.78,164.78,164.78,164.78,0.0,0.0
2019-10-10,ETHUSD,164.78,164.78,164.78,164.78,0.0,0.0
2019-10-09,ETHUSD,164.78,164.78,164.78,164.78,0.0,0.0
2019-10-08,ETHUSD,164.78,164.78,164.78,164.78,0.0,0.0
2019-10-07,ETHUSD,164.78,164.78,164.78,164.78,0.0,0.0
2019-10-06,ETHUSD,164.78,164.78,164.78,164.78,0.0,0.0
2019-10-05,ETHUSD,164.78,164.78,164.78,164.78,0.0,0.0
2019-10-04,ETHUSD,164.78,164.78,164.78,164.78,0.0,0.0
2019-10-03,ETHUSD,164.78,164.78,164.78,164.78,0.0,0.0
2019-10-02,ETHUSD,164.78,164.78,164.78,164.78,0.0,0.0
2019-10-01,ETHUSD,164.78,164.78,164.78,164.78,0.0,0.0
2019-09-30,ETHUSD,164.78,164.78,164.78,164.78,0.0,0.0
2019-09-29,ETHUSD,164.78,164.78,164.78,164.78,0.0,0.0
2019-09-28,ETHUSD,164.78,164.78,164.78,164.78,0.0,0.0
2019-09-27,ETHUSD,164.78,164.78,164.78,164.78,0.0,0.0
2019-09-26,ETHUSD,164.78,164.78,164.78,164.78,0.0,0.0
2019-09-25,ETHUSD,166,176.56,163.65,164.78,474.77,79795.55
2019-09-24,ETHUSD,200.62,202.49,150,166,18381.25,3430477.71
2019-09-23,ETHUSD,211.47,211.47,198.48,200.62,5176.55,1066150.76
2019-09-22,ETHUSD,214.86,215.21,206.08,211.47,5276.34,1109450.66
2019-09-21,ETHUSD,217.85,221.22,213.12,214.86,7233.54,1567794.38
2019-09-20,ETHUSD,220.54,221.84,211.98,217.85,6094.84,1321875.12
2019-09-19,ETHUSD,209.93,223.87,202.2,220.54,10528.98,2252483.31
2019-09-18,ETHUSD,207.94,217.05,207.94,209.93,4985.91,1060422.51
2019-09-17,ETHUSD,197.53,214.95,196.21,207.94,5308.45,1098682.82
2019-09-16,ETHUSD,189.27,199.47,188.43,197.53,1055.17,203952.36
2019-09-15,ETHUSD,188.6,191.39,186.41,189.27,703.78,132648.49
2019-09-14,ETHUSD,181.34,189.34,180.02,188.6,611.73,112837.35
2019-09-13,ETHUSD,181,181.34,177.69,181.34,465.33,83473.21
2019-09-12,ETHUSD,178.46,182.7,176.45,181,811.77,145630.58
2019-09-11,ETHUSD,179.68,182.11,175,178.46,752.51,133702.45
2019-09-10,ETHUSD,182.42,183.78,176.63,179.68,472.17,85051.85
2019-09-09,ETHUSD,181.04,185.54,176.35,182.42,561.65,101485.15
2019-09-08,ETHUSD,177.88,184.37,176.69,181.04,939.2,169211.94
2019-09-07,ETHUSD,169.02,180.66,169.02,177.88,743.78,131854.4
2019-09-06,ETHUSD,174.57,178.2,164.96,169.02,2677.44,468481.9
2019-09-05,ETHUSD,174.81,175.51,170.65,174.57,583.26,100818.96
2019-09-04,ETHUSD,178.96,179.73,174.02,174.81,438.26,76767.32
2019-09-03,ETHUSD,178.87,182.73,177.24,178.96,215.28,38872.87
2019-09-02,ETHUSD,171.01,181.41,170.4,178.87,2927.46,503713.5
2019-09-01,ETHUSD,172.12,173.59,167.86,171.01,1970.03,337402.55
2019-08-31,ETHUSD,168.25,174.83,166.29,172.12,279.23,47485.7
2019-08-30,ETHUSD,168.8,170.24,166.26,168.25,1104.58,186411.82
2019-08-29,ETHUSD,172.78,173.52,163.95,168.8,3466.53,584558.83
2019-08-28,ETHUSD,185.82,187.87,169.28,172.78,2736.67,475130.45
2019-08-27,ETHUSD,188.45,188.94,184.53,185.82,169.31,31594.0
2019-08-26,ETHUSD,185.21,193.81,185.21,188.45,503.16,96233.73
2019-08-25,ETHUSD,190.9,192.83,183.41,185.21,357.92,67702.68
2019-08-24,ETHUSD,194.17,194.17,186.38,190.9,163.88,31119.43
2019-08-23,ETHUSD,190.58,196.47,188.75,194.17,3514.81,678549.81
2019-08-22,ETHUSD,186.74,194.88,182.8,190.58,724.48,136973.84
2019-08-21,ETHUSD,196.97,202.01,180.15,186.74,567.62,105370.39
2019-08-20,ETHUSD,202.59,202.7,195.13,196.97,431.61,85210.58
2019-08-19,ETHUSD,195.15,202.59,193.32,202.59,622.79,124546.91
2019-08-18,ETHUSD,186.45,197.62,183,195.15,213.79,41145.28
2019-08-17,ETHUSD,184.67,186.94,182.62,186.45,181.16,33471.01
2019-08-16,ETHUSD,187.86,188.99,177.44,184.67,3017.1,551471.37
2019-08-15,ETHUSD,184.98,194.27,178.79,187.86,7660.87,1396243.58
2019-08-14,ETHUSD,208.72,208.72,184.32,184.98,2399.04,456986.48
2019-08-13,ETHUSD,211.3,211.3,204.19,208.72,358.41,74471.9
2019-08-12,ETHUSD,216.62,216.62,209.55,211.3,200.81,42666.59
2019-08-11,ETHUSD,206.33,216.62,206.33,216.62,619.4,130730.46
2019-08-10,ETHUSD,210.44,214.14,200.98,206.33,1453.06,297434.38
2019-08-09,ETHUSD,221.25,221.27,206.77,210.44,1060.38,224547.28
2019-08-08,ETHUSD,225.75,226.56,215.55,221.25,134.86,30040.75
2019-08-07,ETHUSD,226.36,230.78,220.88,225.75,483.88,108617.04
2019-08-06,ETHUSD,233.57,237.91,221.99,226.36,311.05,71997.24
2019-08-05,ETHUSD,223.02,235.89,222.61,233.57,708.45,164480.58
2019-08-04,ETHUSD,222.13,223.61,217.79,223.02,245.12,54248.0
2019-08-03,ETHUSD,217.95,224.38,217.11,222.13,187.57,41707.06
2019-08-02,ETHUSD,217,222.08,215.23,217.95,137.64,29920.99
2019-08-01,ETHUSD,218.91,218.97,211.71,217,433.2,92548.37
2019-07-31,ETHUSD,210.87,218.91,210.87,218.91,221.46,47933.56
2019-07-30,ETHUSD,210.85,214.46,205.31,210.87,1021.59,215664.6
2019-07-29,ETHUSD,211.32,213.83,206.28,210.85,979.53,205709.7
2019-07-28,ETHUSD,207.18,213.16,197.53,211.32,1549.41,322518.22
2019-07-27,ETHUSD,218.31,223.67,202.52,207.18,2109.15,443432.8
2019-07-26,ETHUSD,219.62,220.2,213.31,218.31,336.74,72929.02
2019-07-25,ETHUSD,216.63,225.75,215.65,219.62,346.4,77045.86
2019-07-24,ETHUSD,211.58,217.88,201.97,216.63,476.92,98718.7
2019-07-23,ETHUSD,217.45,218.38,208.93,211.58,395.26,84117.74
2019-07-22,ETHUSD,226.34,227.99,212.26,217.45,462.01,100096.91
2019-07-21,ETHUSD,228.75,229.21,217.32,226.34,1118.47,248628.76
2019-07-20,ETHUSD,220.8,235.18,220.8,228.75,766.86,174210.32
2019-07-19,ETHUSD,225.57,225.76,213.68,220.8,4406.81,958389.62
2019-07-18,ETHUSD,211.28,228.77,206.92,225.57,4341.42,964275.24
2019-07-17,ETHUSD,199.73,219.52,191.89,211.28,3083.08,637355.36
2019-07-16,ETHUSD,228.57,233.92,190.55,199.73,7664.29,1580433.04
2019-07-15,ETHUSD,225.51,235.32,202.78,228.57,6439.02,1413420.44
2019-07-14,ETHUSD,268.31,269.35,223.21,225.51,9116.29,2180739.26
2019-07-13,ETHUSD,276.62,276.62,261.77,268.31,129.47,34799.57
2019-07-12,ETHUSD,267.74,279.35,266.75,276.62,1642.16,449603.11
2019-07-11,ETHUSD,289.31,289.31,262.38,267.74,4022.59,1081620.06
2019-07-10,ETHUSD,308.82,313.92,273.91,289.31,5413.65,1558259.82
2019-07-09,ETHUSD,313.55,318.42,302.84,308.82,1109.0,345386.71
2019-07-08,ETHUSD,306.01,314.04,303.97,313.55,444.77,136762.78
2019-07-07,ETHUSD,287.44,310.35,284.8,306.01,1382.65,415940.96
2019-07-06,ETHUSD,287.12,296.11,284.9,287.44,483.7,141055.99
2019-07-05,ETHUSD,283.53,293.32,279.94,287.12,283.32,81172.75
2019-07-04,ETHUSD,302.93,302.93,280.08,283.53,616.44,180535.97
2019-07-03,ETHUSD,289.27,302.93,289.27,302.93,2158.8,637795.06
2019-07-02,ETHUSD,294.14,295.55,273.07,289.27,731.63,206944.49
2019-07-01,ETHUSD,288.96,299.75,279.63,294.14,1801.66,518421.1
2019-06-30,ETHUSD,317.05,322.01,287.26,288.96,604.02,182117.13
2019-06-29,ETHUSD,310.91,323.94,294,317.05,273.32,83562.5
2019-06-28,ETHUSD,293.17,312.69,290.56,310.91,307.84,93555.64
2019-06-27,ETHUSD,334.94,343.22,275,293.17,1505.4,471246.91
2019-06-26,ETHUSD,316.98,364.95,314.11,334.94,3703.84,1233313.96
2019-06-25,ETHUSD,309.49,316.98,306.82,316.98,751.05,233943.23
2019-06-24,ETHUSD,305.16,313.5,295.81,309.49,1090.16,336538.3
2019-06-23,ETHUSD,310.28,317.92,304.95,305.16,1393.46,431725.5
2019-06-22,ETHUSD,295.33,314.64,293.26,310.28,553.5,168963.16
2019-06-21,ETHUSD,272.78,296.4,272.78,295.33,444.5,126895.21
2019-06-20,ETHUSD,269.32,274.24,266.65,272.78,240.53,65029.18
2019-06-19,ETHUSD,264.27,269.49,264.27,269.32,75.83,20255.13
2019-06-18,ETHUSD,274.65,274.65,263.27,264.27,49.42,13164.79
2019-06-17,ETHUSD,269.98,274.65,267.63,274.65,265.95,71793.81
2019-06-16,ETHUSD,269.23,278.59,263.72,269.98,989.84,270646.76
2019-06-15,ETHUSD,263.79,273.33,262.58,269.23,1088.19,288735.23
2019-06-14,ETHUSD,255.02,265.84,252.46,263.79,1393.54,361668.38
2019-06-13,ETHUSD,262.88,263.63,254.55,255.02,1445.87,374598.72
2019-06-12,ETHUSD,245.42,262.88,243.21,262.88,1851.25,468917.24
2019-06-11,ETHUSD,247.67,248.99,237.99,245.42,285.77,69846.67
2019-06-10,ETHUSD,232.39,248.12,227.86,247.67,843.65,205338.27
2019-06-09,ETHUSD,244.8,244.8,227.89,232.39,458.08,107949.89
2019-06-08,ETHUSD,250.03,250.76,242.59,244.8,496.06,122629.45
2019-06-07,ETHUSD,249.32,253.87,244.74,250.03,3000.14,750278.19
2019-06-06,ETHUSD,246.11,249.71,235.67,249.32,1333.1,323016.83
2019-06-05,ETHUSD,241.08,248.74,238.5,246.11,1083.68,264755.06
2019-06-04,ETHUSD,250.38,250.4,233.78,241.08,2669.41,650967.71
2019-06-03,ETHUSD,269.71,269.75,246.94,250.38,1905.51,484540.66
2019-06-02,ETHUSD,264.55,274.26,264.22,269.71,306.62,82553.62
2019-06-01,ETHUSD,267.84,274.85,261.53,264.55,1025.83,275020.81
2019-05-31,ETHUSD,254.74,267.84,245.17,267.84,2255.8,579867.32
2019-05-30,ETHUSD,269.18,288.42,237.91,254.74,3580.45,955389.94
2019-05-29,ETHUSD,272,273.98,260.27,269.18,1195.88,320027.29
2019-05-28,ETHUSD,273.68,276.37,265,272,552.93,149752.31
2019-05-27,ETHUSD,269.2,280.3,265.37,273.68,893.91,241426.27
2019-05-26,ETHUSD,251.76,272.3,231.24,269.2,571.46,147249.39
2019-05-25,ETHUSD,250.36,258.99,249.13,251.76,862.57,219529.99
2019-05-24,ETHUSD,244.95,255.83,241.99,250.36,1650.39,413095.77
2019-05-23,ETHUSD,243.85,248.51,232.02,244.95,502.13,121152.34
2019-05-22,ETHUSD,255.23,261.67,240,243.85,2207.63,557897.68
2019-05-21,ETHUSD,252.14,263.17,231.14,255.23,3457.36,879014.07
2019-05-20,ETHUSD,262.02,262.02,230.84,252.14,1639.89,409213.56
2019-05-19,ETHUSD,238.72,265.95,233.97,262.02,867.34,217977.94
2019-05-18,ETHUSD,244.29,248.1,231,238.72,1359.58,328909.09
2019-05-17,ETHUSD,264.88,269.77,223.89,244.29,4141.03,989632.16
2019-05-16,ETHUSD,249.29,279.08,243.1,264.88,7525.92,1971466.0
2019-05-15,ETHUSD,218.34,250.17,217.95,249.29,5988.26,1403983.19
2019-05-14,ETHUSD,196.42,219.91,188.72,218.34,5642.06,1172407.98
2019-05-13,ETHUSD,188.1,208.26,185.57,196.42,8893.66,1726102.55
2019-05-12,ETHUSD,193.09,203.86,170.72,188.1,5594.14,1083395.16
2019-05-11,ETHUSD,172.01,207.11,171.99,193.09,9052.88,1670765.26
2019-05-10,ETHUSD,170.06,175.94,167.69,172.01,2103.56,363457.33
2019-05-09,ETHUSD,169.06,173.07,165.7,170.06,1355.14,229399.41
2019-05-08,ETHUSD,166.48,170.79,156.71,169.06,2214.69,371458.47
2019-05-07,ETHUSD,171.22,180.53,171.22,175.89,4222.77,747579.4
2019-05-06,ETHUSD,161.3,175.59,157.75,171.22,4340.46,716212.39
2019-05-05,ETHUSD,161.98,163.38,157.3,161.3,3502.48,562504.48
2019-05-04,ETHUSD,164.77,168.18,158.12,161.98,3570.23,576377.45
2019-05-03,ETHUSD,158.73,168.85,157.79,164.77,6772.04,1118108.24
2019-05-02,ETHUSD,158.58,160.38,156.07,158.73,663.92,105039.3
2019-05-01,ETHUSD,159.79,162.52,156.59,158.58,1090.3,174520.62
2019-04-30,ETHUSD,152.34,160.94,152.34,159.79,4642.49,727598.48
2019-04-29,ETHUSD,153.74,156.73,149.43,152.34,1376.59,208504.96
2019-04-28,ETHUSD,155.6,157.89,152.78,153.74,2717.95,421156.5
2019-04-27,ETHUSD,153.35,159.39,152.83,155.6,2935.69,451597.52
2019-04-26,ETHUSD,152.08,155.51,148.58,153.35,2960.55,452253.04
2019-04-25,ETHUSD,165.71,166.26,146.69,152.08,5055.11,784313.33
2019-04-24,ETHUSD,170.28,170.79,160.26,165.71,4847.39,806583.1
2019-04-23,ETHUSD,171.49,176.75,169.07,170.28,6504.15,1131855.99
2019-04-22,ETHUSD,170,173.67,168.33,171.49,1661.48,283355.45
2019-04-21,ETHUSD,173.49,174.25,166.42,170,2370.65,401989.09
2019-04-20,ETHUSD,173.53,177.65,170.85,173.49,877.35,152582.33
2019-04-19,ETHUSD,173.96,174.38,169.51,173.53,1348.29,232017.37
2019-04-18,ETHUSD,166.42,176,165.83,173.96,1570.22,269968.51
2019-04-17,ETHUSD,166.21,168.35,164.47,166.42,1209.03,200925.03
2019-04-16,ETHUSD,160.21,167.56,159.42,166.21,2715.69,444627.23
2019-04-15,ETHUSD,167.96,169.3,155.69,160.21,3209.33,517296.25
2019-04-14,ETHUSD,163.61,169,161.84,167.96,1537.86,252703.57
2019-04-13,ETHUSD,164.3,166.03,162.04,163.61,1409.0,230894.87
2019-04-12,ETHUSD,164.91,167.39,160.13,164.3,4780.66,785422.81
2019-04-11,ETHUSD,177.73,177.78,160.43,164.91,6118.08,1028812.85
2019-04-10,ETHUSD,176.14,185.17,170.06,177.73,5534.13,985252.35
2019-04-09,ETHUSD,180.53,180.54,173.12,176.14,6160.68,1094021.28
2019-04-08,ETHUSD,175.02,187.24,173.93,180.53,5103.81,923332.85
2019-04-07,ETHUSD,165.65,176.3,164.19,175.02,3823.13,645655.23
2019-04-06,ETHUSD,165.82,172.56,160.43,165.65,1739.85,288330.47
2019-04-05,ETHUSD,157.73,167.62,156.55,165.82,2795.3,457034.98
2019-04-04,ETHUSD,161.18,164.45,153.65,157.73,3028.69,485867.53
2019-04-03,ETHUSD,164.7,179.13,151.25,161.18,8602.18,1456571.83
2019-04-02,ETHUSD,140.98,167.46,139.85,164.7,2469.85,383205.55
2019-04-01,ETHUSD,140.89,142.63,138.93,140.98,3016.16,425287.91
2019-03-19,ETHUSD,136.99,138.71,136.8,137.66,50.76,6997.62
2019-03-18,ETHUSD,138.08,140.88,135.88,136.99,953.8,131246.55
2019-03-17,ETHUSD,140.39,140.39,136.18,138.08,632.8,87356.41
2019-03-16,ETHUSD,135.43,143.36,135.39,140.39,2899.36,405671.85
2019-03-15,ETHUSD,131.49,136.57,131.47,135.43,3165.45,427133.86
2019-03-14,ETHUSD,131.19,134.58,129.21,131.49,929.6,122088.95
2019-03-13,ETHUSD,132.84,132.84,130.16,131.19,2110.78,277582.16
2019-03-12,ETHUSD,131.85,133.88,127.92,132.84,3004.94,393848.17
2019-03-11,ETHUSD,134.82,135.34,130.61,131.85,2390.67,316792.01
2019-03-10,ETHUSD,136.46,136.8,132.58,134.82,1137.93,153550.0
2019-03-09,ETHUSD,132.8,137.85,132.23,136.46,2412.52,328702.68
2019-03-08,ETHUSD,136.15,138.24,129.95,132.8,1518.48,205484.86
2019-03-07,ETHUSD,136.96,138.91,134.4,136.15,1323.1,180910.51
2019-03-06,ETHUSD,136.53,139.97,133.29,136.96,3059.32,417716.28
2019-03-05,ETHUSD,125.15,137.3,124.78,136.53,2276.21,297045.58
2019-03-04,ETHUSD,129.62,129.78,122.5,125.15,3642.97,459072.68
2019-03-03,ETHUSD,131.76,133.77,128,129.62,1329.07,176034.06
2019-03-02,ETHUSD,134.66,135.17,129.54,131.76,1008.32,133700.01
2019-03-01,ETHUSD,134.31,137.3,134.3,134.66,2721.76,369415.91
2019-02-28,ETHUSD,134.27,138,132.85,134.31,1248.63,168963.72
2019-02-27,ETHUSD,135.77,139.01,125.72,134.27,4482.93,607976.66
2019-02-26,ETHUSD,137.46,138.02,132.8,135.77,2381.0,323062.95
2019-02-25,ETHUSD,132.05,140.9,132.05,137.46,1492.05,204695.63
2019-02-24,ETHUSD,157.6,166.25,131.55,132.05,6346.38,932198.34
2019-02-23,ETHUSD,146.65,159.44,145.04,157.6,996.06,148839.71
2019-02-22,ETHUSD,144.7,147.7,142.54,146.65,1159.52,169431.33
2019-02-21,ETHUSD,146.41,146.46,139.14,144.7,1094.76,158430.51
2019-02-20,ETHUSD,143.13,146.89,138.41,146.41,5115.45,722869.44
2019-02-19,ETHUSD,144.72,148.99,140.04,143.13,2767.3,401486.17
2019-02-18,ETHUSD,132.2,147.6,131.06,144.72,1234.17,172491.58
2019-02-17,ETHUSD,121.59,133.64,121.53,132.2,918.35,115886.91
2019-02-16,ETHUSD,120.43,123.44,120.43,121.59,401.73,48910.71
2019-02-15,ETHUSD,119.34,123.08,119.03,120.43,452.6,54609.08
2019-02-14,ETHUSD,120.62,123.07,119.11,119.34,1206.69,145564.63
2019-02-13,ETHUSD,120.84,124.65,119.56,120.62,640.32,77769.84
2019-02-12,ETHUSD,119.6,122.61,117.62,120.84,1381.43,165035.81
2019-02-11,ETHUSD,123.94,124.16,118.34,119.6,898.81,107609.51
2019-02-10,ETHUSD,117.95,124.78,114.96,123.94,827.54,97294.41
2019-02-09,ETHUSD,117.98,119.62,116.38,117.95,794.83,93635.38
2019-02-08,ETHUSD,103.36,121.67,102.51,117.98,1469.12,166467.34
2019-02-07,ETHUSD,103.37,104.8,102.81,103.36,889.44,92081.63
2019-02-06,ETHUSD,105.99,106.38,100.59,103.37,819.56,83777.47
2019-02-05,ETHUSD,106.09,106.6,105.32,105.99,428.44,45417.48
2019-02-04,ETHUSD,106.01,108.31,105.37,106.09,601.56,63839.14
2019-02-03,ETHUSD,109.13,109.73,104.59,106.01,758.24,81043.14
2019-02-02,ETHUSD,105.71,109.72,105.13,109.13,475.48,50632.37
2019-02-01,ETHUSD,105.67,107.4,103.21,105.71,595.1,62440.4
2019-01-31,ETHUSD,107.61,109.59,105,105.67,1251.64,133522.97
2019-01-30,ETHUSD,103.97,108.89,103.01,107.61,723.22,77002.98
2019-01-29,ETHUSD,105.26,106.96,102.19,103.97,608.75,63440.24
2019-01-28,ETHUSD,111.52,112.33,100.64,105.26,1188.72,125544.67
2019-01-27,ETHUSD,115.16,115.45,110.75,111.52,574.2,65284.28
2019-01-26,ETHUSD,114.94,116.99,114.85,115.16,484.11,56020.38
2019-01-25,ETHUSD,116.19,117.14,114.51,114.94,744.15,85994.34
2019-01-24,ETHUSD,116.51,117.21,114.1,116.19,517.25,59846.98
2019-01-23,ETHUSD,117.84,119,114.69,116.51,566.2,66406.99
2019-01-22,ETHUSD,115.73,119.31,110.91,117.84,1890.36,219730.59
2019-01-21,ETHUSD,117.33,117.86,111.31,115.73,2138.53,248287.04
2019-01-20,ETHUSD,123.34,123.69,116.04,117.33,980.15,116713.13
2019-01-19,ETHUSD,119.56,125.96,119.52,123.34,2251.98,274177.15
2019-01-18,ETHUSD,122.42,122.51,118.16,119.56,830.3,100358.33
2019-01-17,ETHUSD,121.98,123.34,117.74,122.42,1040.4,125709.8
2019-01-16,ETHUSD,120.23,127.89,119.14,121.98,1315.83,160485.4
2019-01-15,ETHUSD,127.96,129.92,117.14,120.23,1349.0,169523.64
2019-01-14,ETHUSD,115.09,131.46,115.03,127.96,1271.46,154727.59
2019-01-13,ETHUSD,124.26,125.37,113.4,115.09,908.6,108373.68
2019-01-12,ETHUSD,125.69,127.98,123.29,124.26,977.74,122752.96
2019-01-11,ETHUSD,126.22,128.45,122.1,125.69,1432.2,180134.21
2019-01-10,ETHUSD,149.4,150.72,123.08,126.22,2560.65,341508.54
2019-01-09,ETHUSD,148.89,152.4,147.89,149.4,1023.55,153981.46
2019-01-08,ETHUSD,150.59,152.76,146.2,148.89,1401.05,209541.17
2019-01-07,ETHUSD,155.68,157.16,149.2,150.59,2731.84,418667.74
2019-01-06,ETHUSD,153.33,159.98,148.21,155.68,1841.28,281832.24
2019-01-05,ETHUSD,153.06,159.99,153.01,153.33,1735.5,271599.5
2019-01-04,ETHUSD,147.2,155.73,145.02,153.06,1429.71,215618.35
2019-01-03,ETHUSD,153.15,154.44,144.31,147.2,1408.27,210396.18
2019-01-02,ETHUSD,139.55,156.29,138.58,153.15,1530.72,226225.5
2019-01-01,ETHUSD,130.98,140.73,129.87,139.55,2448.67,335443.8
2018-12-31,ETHUSD,138.53,139.02,129.25,130.98,1430.75,191791.97
2018-12-30,ETHUSD,134.09,140.21,129.74,138.53,2728.72,372486.78
2018-12-29,ETHUSD,137.09,146.5,129.4,134.09,5036.91,686481.97
2018-12-28,ETHUSD,114.57,138.06,113.31,137.09,3606.31,432136.98
2018-12-27,ETHUSD,130.41,131.44,112.42,114.57,1853.09,223199.67
2018-12-26,ETHUSD,128.8,136.8,123.55,130.41,3856.38,496355.18
2018-12-25,ETHUSD,139.15,139.86,122.21,128.8,4870.14,624464.92
2018-12-24,ETHUSD,129.63,159.13,129.51,139.15,2836.58,410251.07
2018-12-23,ETHUSD,116.06,132.64,115.79,129.63,2036.11,258985.46
2018-12-22,ETHUSD,107.82,116.16,105.63,116.06,1057.36,116827.21
2018-12-21,ETHUSD,114.23,119,104.88,107.82,1751.82,197126.45
2018-12-20,ETHUSD,99.24,116.89,98.54,114.23,2458.14,265767.08
2018-12-19,ETHUSD,100.81,107.8,98.54,99.24,1589.85,163478.97
2018-12-18,ETHUSD,94.11,101.19,91.39,100.81,1431.26,135101.87
2018-12-17,ETHUSD,83.7,96.37,83.58,94.11,1440.59,128775.64
2018-12-16,ETHUSD,83,86.48,82.8,83.7,856.97,73009.43
2018-12-15,ETHUSD,82.96,84.03,81.26,83,875.66,72177.07
2018-12-14,ETHUSD,85.27,85.78,81.26,82.96,873.34,73653.71
2018-12-13,ETHUSD,88.55,91.24,83.75,85.27,1017.05,88337.33
2018-12-12,ETHUSD,86.91,91.61,85.92,88.55,1340.84,118620.45
2018-12-11,ETHUSD,89.28,90.78,85.32,87.03,1451.17,126967.44
2018-12-10,ETHUSD,92.88,94.65,87.2,89.28,1187.06,107059.55
2018-12-09,ETHUSD,90.19,98.18,88.34,92.88,934.66,86568.15
2018-12-08,ETHUSD,92.38,97.23,83.53,90.19,1607.61,145054.26
2018-12-07,ETHUSD,89.23,96.11,80.94,92.38,2743.85,235848.95
2018-12-06,ETHUSD,100.84,102.98,88.54,89.23,1639.39,160730.91
2018-12-05,ETHUSD,108.6,109.1,100.4,100.84,757.17,79449.48
2018-12-04,ETHUSD,107.27,111.76,100.11,108.6,856.06,93386.06
2018-12-03,ETHUSD,114.89,115.24,104.56,107.27,1084.68,120206.93
2018-12-02,ETHUSD,116.55,119.96,113.61,114.89,787.65,91164.93
2018-12-01,ETHUSD,111.85,119.18,109.46,116.55,1437.1,163953.93
2018-11-30,ETHUSD,116.4,118.72,109.5,111.85,1090.39,124529.13
2018-11-29,ETHUSD,121.64,122.87,113.04,116.4,1365.63,161674.0
2018-11-28,ETHUSD,108.56,125.56,99.95,121.64,2108.95,247140.54
2018-11-27,ETHUSD,106.83,110.74,99.34,108.56,1298.87,136108.96
2018-11-26,ETHUSD,114.49,116.78,94.01,106.83,1276.88,140358.0
2018-11-25,ETHUSD,110.39,120,97.77,114.49,2405.26,257300.15
2018-11-24,ETHUSD,121.29,125.88,100.43,110.39,1159.45,136676.99
2018-11-23,ETHUSD,123.22,124.69,116.76,121.29,1134.52,137531.8
2018-11-22,ETHUSD,135.06,136.83,122.22,123.22,794.85,104663.87
2018-11-21,ETHUSD,128.21,137,122.5,135.06,1626.3,213791.88
2018-11-20,ETHUSD,145.71,149.23,121.59,128.21,2043.41,274282.69
2018-11-19,ETHUSD,174.03,174.03,142.41,145.71,3284.25,499817.85
2018-11-18,ETHUSD,172.65,179.34,172.65,174.03,20.92,3729.36
2018-11-17,ETHUSD,176.37,176.37,171.56,172.65,5.06,871.31
2018-11-16,ETHUSD,176.21,176.62,176.21,176.37,1.71,301.33
2018-11-15,ETHUSD,175.94,178.16,167.04,176.21,36.55,6362.81
2018-11-14,ETHUSD,203.93,204.05,165.56,175.94,810.8,147567.35
2018-11-13,ETHUSD,208.71,209.49,202.86,203.93,222.92,46248.0
2018-11-12,ETHUSD,209.89,211.99,206.65,208.71,490.82,102929.04
2018-11-11,ETHUSD,210.35,211.18,206.32,209.89,219.42,45878.13
2018-11-10,ETHUSD,208.25,212.84,207.89,210.35,230.4,48491.97
2018-11-09,ETHUSD,210.42,212.6,205.78,208.25,523.23,110227.43
2018-11-08,ETHUSD,217.36,218.86,210.08,210.42,394.5,84279.07
2018-11-07,ETHUSD,218.8,223.16,215.21,217.36,497.24,108944.36
2018-11-06,ETHUSD,208.7,219.02,207.29,218.8,923.94,197755.46
2018-11-05,ETHUSD,210.48,214.83,205.79,208.7,3720.0,773429.17
2018-11-04,ETHUSD,198.88,217.83,198.09,210.48,444.38,91431.74
2018-11-03,ETHUSD,200.03,200.19,198.02,198.88,292.83,58320.01
2018-11-02,ETHUSD,198.33,201.69,198.01,200.03,1697.78,337285.88
2018-11-01,ETHUSD,196.86,198.37,196.36,198.33,1024.82,201707.73
2018-10-31,ETHUSD,196.12,199.02,191.77,196.86,288.38,56298.48
2018-10-30,ETHUSD,194.27,196.92,194.04,196.12,202.69,39464.4
2018-10-29,ETHUSD,202.67,203.09,190.42,194.27,302.17,59565.16
2018-10-28,ETHUSD,201.41,204.27,199.67,202.67,815.65,165068.96
2018-10-27,ETHUSD,200.78,204.88,198.1,201.41,325.4,65459.55
2018-10-26,ETHUSD,199.45,204.52,196.71,200.78,1251.07,250862.62
2018-10-25,ETHUSD,200.8,201.17,198.45,199.45,194.64,38895.62
2018-10-24,ETHUSD,201.18,203.09,199.89,200.8,216.13,43566.65
2018-10-23,ETHUSD,201.53,202.56,197.53,201.18,233.47,46722.61
2018-10-22,ETHUSD,202.31,203.58,199.48,201.53,245.39,49482.19
2018-10-21,ETHUSD,202.79,207.4,200.91,202.31,231.5,47193.55
2018-10-20,ETHUSD,200.38,204.23,199.45,202.79,233.33,47214.81
2018-10-19,ETHUSD,199.36,200.98,196.03,200.38,314.18,62740.75
2018-10-18,ETHUSD,203.95,209.47,194.12,199.36,334.96,67596.95
2018-10-17,ETHUSD,205.69,208.08,201.08,203.95,297.32,60749.17
2018-10-16,ETHUSD,204.33,204.33,202.57,202.75,5.04,1023.63
2018-10-15,ETHUSD,191.96,225.83,185.69,204.33,1707.01,353343.05
2018-10-14,ETHUSD,196.74,199.7,189.28,191.96,241.97,47532.25
2018-10-13,ETHUSD,193.53,198.67,193.03,196.74,216.29,42463.3
2018-10-12,ETHUSD,187.9,197.86,186.34,193.53,532.03,102840.74
2018-10-11,ETHUSD,223.64,224.01,185.6,187.9,2285.96,462268.66
2018-10-10,ETHUSD,225.95,226.8,222.01,223.64,245.59,54987.35
2018-10-09,ETHUSD,227.96,228.95,224.98,225.95,315.75,71769.81
2018-10-08,ETHUSD,225.28,230.14,219,227.96,362.26,82021.59
2018-10-07,ETHUSD,224.17,227.12,219.26,225.28,245.78,54818.25
2018-10-06,ETHUSD,226.89,227.28,221.9,224.17,266.01,59804.26
2018-10-05,ETHUSD,221.25,230.47,218.57,226.89,379.78,84386.63
2018-10-04,ETHUSD,219.46,225.58,217.1,221.25,455.95,101359.65
2018-10-03,ETHUSD,225.25,226.63,215.85,219.46,686.55,150300.5
2018-10-02,ETHUSD,230.94,231.59,223.12,225.25,411.17,93667.92
2018-10-01,ETHUSD,232.75,235.23,224.73,230.94,495.42,113921.71
2018-09-30,ETHUSD,230.69,239.41,225.81,232.75,552.76,128333.06
2018-09-29,ETHUSD,221.8,236.81,213.42,230.69,1295.83,291965.79
2018-09-28,ETHUSD,229.15,233.28,214.4,221.8,765.51,173055.92
2018-09-27,ETHUSD,213.72,234.75,209.58,229.15,1619.81,367516.07
2018-09-26,ETHUSD,218.15,223.11,208.73,213.72,734.54,158146.86
2018-09-25,ETHUSD,227.61,228.53,203.18,218.15,792.72,169331.36
2018-09-24,ETHUSD,245.13,246.75,224.84,227.61,445.1,104968.97
2018-09-23,ETHUSD,240.21,250.15,236.24,245.13,396.52,96234.97
2018-09-22,ETHUSD,248.74,255.58,232.86,240.21,497.03,119964.02
2018-09-21,ETHUSD,223.34,252.25,221.05,248.74,705.05,162561.08
2018-09-20,ETHUSD,209.26,226.84,206.02,223.34,486.73,103124.84
2018-09-19,ETHUSD,207.74,215.63,197.82,209.26,651.64,135482.82
2018-09-18,ETHUSD,195.86,215,193.48,207.74,768.87,155473.66
2018-09-17,ETHUSD,219.34,224.9,191.77,195.86,1335.64,282789.59
2018-09-16,ETHUSD,221.63,224.04,207.33,219.34,650.15,141027.35
2018-09-15,ETHUSD,208.51,227.18,207.61,221.63,841.44,184602.25
2018-09-14,ETHUSD,210.5,224.39,202.41,208.51,1150.07,245524.92
2018-09-13,ETHUSD,183.12,215.04,182.48,210.5,1198.63,237547.69
2018-09-12,ETHUSD,185.09,186,168.5,183.12,1086.32,190202.54
2018-09-11,ETHUSD,196.48,199.66,175.97,185.09,780.99,147731.46
2018-09-10,ETHUSD,195.47,203.76,186.69,196.48,670.73,131473.44
2018-09-09,ETHUSD,196.2,208.35,185.02,195.47,962.87,189778.58
2018-09-08,ETHUSD,216.15,220.47,190.02,196.2,668.9,138939.39
2018-09-07,ETHUSD,229.31,234.07,212.84,216.15,768.69,171252.22
2018-09-06,ETHUSD,229.73,233.26,211.94,229.31,1074.54,242676.58
2018-09-05,ETHUSD,285.96,288.54,226.2,229.73,1036.28,267047.04
2018-09-04,ETHUSD,289.82,293.66,282.31,285.96,402.94,115967.88
2018-09-03,ETHUSD,296.62,297.51,285.22,289.82,363.13,105382.88
2018-09-02,ETHUSD,296.22,299.66,288.93,296.62,362.62,106829.92
2018-09-01,ETHUSD,282.58,303.05,281.67,296.22,545.85,159977.72
2018-08-31,ETHUSD,283.44,286.29,275.88,282.58,291.99,82000.44
2018-08-30,ETHUSD,288.53,291.79,271.59,283.44,432.98,122091.84
2018-08-29,ETHUSD,296.5,298.01,283.76,288.53,371.2,108369.38
2018-08-28,ETHUSD,287.53,299.02,281.95,296.5,327.51,94369.83
2018-08-27,ETHUSD,273.88,288.06,270.79,287.53,355.58,98890.84
2018-08-26,ETHUSD,276.65,278.77,269.95,273.88,304.65,83246.45
2018-08-25,ETHUSD,281.8,283.76,275.14,276.65,375.67,104940.01
2018-08-24,ETHUSD,275.82,283.63,270,281.8,419.41,115905.65
2018-08-23,ETHUSD,269.48,280.79,267.95,275.82,282.08,77203.06
2018-08-22,ETHUSD,274.14,296.56,264.09,269.48,245.81,70804.19
2018-08-21,ETHUSD,273.2,282.04,273.2,274.14,0.1032,28.41
2018-08-20,ETHUSD,303.23,303.23,270,273.2,35.85,10323.74
2018-08-19,ETHUSD,294.95,303.23,294.95,303.23,0.037,11.17
2018-08-18,ETHUSD,310,310,290.9,294.95,29.3,8872.61
2018-08-17,ETHUSD,288.35,310,288.35,310,0.01,3.1
2018-08-16,ETHUSD,270,291.77,270,288.35,5.81,1692.46
2018-08-15,ETHUSD,270,270,270,270,0.0,0.0
2018-08-14,ETHUSD,288,288,269,270,108.7,30820.7
2018-08-13,ETHUSD,336.12,336.12,288,288,51.28,15879.69
2018-08-12,ETHUSD,320.9,320.9,320.9,320.9,0.0,0.0
2018-08-11,ETHUSD,345,345,317.47,320.9,221.37,71327.49
2018-08-10,ETHUSD,370.9,370.9,345,345,63.73,22989.22
2018-08-09,ETHUSD,356.58,370.9,356.58,370.9,5.42,1994.64
2018-08-08,ETHUSD,380,380,356.58,356.58,19.66,7285.68
2018-08-07,ETHUSD,395.07,400,380,380,1.41,557.8
2018-08-06,ETHUSD,408.97,408.97,395.07,395.07,50.0,19948.81
2018-08-05,ETHUSD,408.97,408.97,408.97,408.97,0.0,0.0
2018-08-04,ETHUSD,408.97,408.97,408.97,408.97,0.0,0.0
2018-08-03,ETHUSD,410,410,400,408.97,6.11,2478.47
2018-08-02,ETHUSD,432.96,432.96,410,410,7.2,2978.41
2018-08-01,ETHUSD,440,440,432.96,432.96,0.0101,4.37
2018-07-31,ETHUSD,453,463.06,440,440,33.73,15022.09
2018-07-30,ETHUSD,458.68,458.68,453,453,9.71,4405.6
2018-07-29,ETHUSD,461.57,461.57,458.68,458.68,0.1219,55.91
2018-07-28,ETHUSD,461.57,461.57,461.57,461.57,0.0,0.0
2018-07-27,ETHUSD,465,465,461.57,461.57,1.0,461.57
2018-07-26,ETHUSD,472,472,465,465,5.38,2519.65
2018-07-25,ETHUSD,461.57,472,461.57,472,5.5,2561.17
2018-07-24,ETHUSD,461.57,461.57,461.57,461.57,0.72,332.33
2018-07-23,ETHUSD,465.95,467.26,461.57,461.57,1.16,541.63
2018-07-22,ETHUSD,465.95,465.95,465.95,465.95,0.0,0.0
2018-07-21,ETHUSD,444.54,465.95,444.54,465.95,3.8,1760.09
2018-07-20,ETHUSD,470.02,470.02,443.88,444.54,5.41,2460.97
2018-07-19,ETHUSD,483.2,483.2,470.02,470.02,2.34,1113.72
2018-07-18,ETHUSD,489.67,507.27,470,483.2,19.12,9359.69
2018-07-17,ETHUSD,477,489.67,466.31,489.67,107.15,50908.83
2018-07-16,ETHUSD,433.39,477,433.39,477,5.6,2592.86
2018-07-15,ETHUSD,433.39,433.39,433.39,433.39,0.0,0.0
2018-07-14,ETHUSD,433.39,433.39,433.39,433.39,0.0,0.0
2018-07-13,ETHUSD,433.39,433.39,433.39,433.39,0.0,0.0
2018-07-12,ETHUSD,434.68,435.54,432.1,433.39,10.84,4702.64
2018-07-11,ETHUSD,446.1,446.1,429.11,434.68,38.47,16699.17
2018-07-10,ETHUSD,472.92,472.92,445.59,446.1,126.68,57132.13
2018-07-09,ETHUSD,487.6,487.6,472.92,472.92,18.93,8995.81
2018-07-08,ETHUSD,483.22,487.75,483.22,487.6,1.56,758.5
2018-07-07,ETHUSD,471.05,483.22,467.94,483.22,3.08,1445.02
2018-07-06,ETHUSD,457.01,471.05,453.05,471.05,13.65,6346.89
2018-07-05,ETHUSD,467.32,467.32,457.01,457.01,0.1692,78.04
2018-07-04,ETHUSD,462.66,476.58,453.44,467.32,7.69,3535.36
2018-07-03,ETHUSD,477.24,477.24,456.21,462.66,11.22,5200.27
2018-07-02,ETHUSD,451.74,477.24,442.95,477.24,0.4598,209.87
2018-07-01,ETHUSD,450.34,451.74,450.34,451.74,0.047,21.22
2018-06-30,ETHUSD,436.97,454.79,431.22,450.34,3.73,1668.19
2018-06-29,ETHUSD,422.27,436.97,406.92,436.97,3.49,1443.16
2018-06-28,ETHUSD,445.49,445.49,422.27,422.27,8.35,3531.57
2018-06-27,ETHUSD,448,448,432.85,445.49,33.37,14644.31
2018-06-26,ETHUSD,563.53,563.53,448,448,9.68,4337.6
2018-06-25,ETHUSD,447.5,563.53,447.5,563.53,1.2,604.17
2018-06-24,ETHUSD,450.01,451,447.5,447.5,62.4,28080.75
2018-06-23,ETHUSD,466.61,466.61,450.01,450.01,4.07,1838.52
2018-06-22,ETHUSD,561.92,561.92,466.61,466.61,45.03,21506.29
2018-06-21,ETHUSD,563.44,563.92,521.32,561.92,49.61,27602.31
2018-06-20,ETHUSD,550.39,563.44,542.99,563.44,20.44,11246.46
2018-06-19,ETHUSD,532.57,563.94,532.57,550.39,15.26,8510.02
2018-06-18,ETHUSD,518.02,532.57,518.02,532.57,2.2,1158.82
2018-06-17,ETHUSD,509.52,545.73,509.52,518.02,35.18,18356.38
2018-06-16,ETHUSD,504.16,509.52,504.16,509.52,0.9841,501.42
2018-06-15,ETHUSD,544.6,545.81,481.56,504.16,2.37,1186.58
2018-06-14,ETHUSD,496.48,544.6,496.3,544.6,17.93,8959.68
2018-06-13,ETHUSD,521,521,496.48,496.48,11.15,5575.7
2018-06-12,ETHUSD,540.49,545.16,521,521,70.27,36849.45
2018-06-11,ETHUSD,329.44,329.44,329.44,329.44,0.0,0.0
2018-06-10,ETHUSD,329.44,329.44,329.44,329.44,0.0,0.0
2018-06-09,ETHUSD,329.44,329.44,329.44,329.44,0.0,0.0
2018-06-08,ETHUSD,329.44,329.44,329.44,329.44,0.0,0.0
2018-06-07,ETHUSD,329.44,329.44,329.44,329.44,0.0,0.0
2018-06-06,ETHUSD,329.44,329.44,329.44,329.44,0.0,0.0
2018-06-05,ETHUSD,329.44,329.44,329.44,329.44,0.0,0.0
2018-06-04,ETHUSD,329.44,329.44,329.44,329.44,0.0,0.0
2018-06-03,ETHUSD,329.44,329.44,329.44,329.44,0.0,0.0
2018-06-02,ETHUSD,329.44,329.44,329.44,329.44,0.0,0.0
2018-06-01,ETHUSD,329.44,329.44,329.44,329.44,0.0,0.0
2018-05-31,ETHUSD,329.44,329.44,329.44,329.44,0.0,0.0
2018-05-30,ETHUSD,329.44,329.44,329.44,329.44,0.0,0.0
2018-05-29,ETHUSD,329.44,329.44,329.44,329.44,0.0,0.0
2018-05-28,ETHUSD,329.44,329.44,329.44,329.44,0.0,0.0
2018-05-27,ETHUSD,329.44,329.44,329.44,329.44,0.0,0.0
2018-05-26,ETHUSD,329.44,329.44,329.44,329.44,0.0,0.0
2018-05-25,ETHUSD,329.44,329.44,329.44,329.44,0.0,0.0
2018-05-24,ETHUSD,329.44,329.44,329.44,329.44,0.0,0.0
2018-05-23,ETHUSD,329.44,329.44,329.44,329.44,0.0,0.0
2018-05-22,ETHUSD,329.44,329.44,329.44,329.44,0.0,0.0
2018-05-21,ETHUSD,329.44,329.44,329.44,329.44,0.0,0.0
2018-05-20,ETHUSD,329.44,329.44,329.44,329.44,0.0,0.0
2018-05-19,ETHUSD,329.44,329.44,329.44,329.44,0.0,0.0
2018-05-18,ETHUSD,329.44,329.44,329.44,329.44,0.0,0.0
2018-05-17,ETHUSD,329.44,329.44,329.44,329.44,0.0,0.0
2018-05-16,ETHUSD,329.44,329.44,329.44,329.44,0.0,0.0
2018-05-15,ETHUSD,329.44,329.44,329.44,329.44,0.0,0.0
2018-05-14,ETHUSD,329.44,329.44,329.44,329.44,0.0,0.0
2018-05-13,ETHUSD,329.44,329.44,329.44,329.44,0.0,0.0
2018-05-12,ETHUSD,329.44,329.44,329.44,329.44,0.0,0.0
2018-05-11,ETHUSD,329.44,329.44,329.44,329.44,0.0,0.0
2018-05-10,ETHUSD,329.44,329.44,329.44,329.44,0.0,0.0
2018-05-09,ETHUSD,329.44,329.44,329.44,329.44,0.0,0.0
2018-05-08,ETHUSD,329.44,329.44,329.44,329.44,0.0,0.0
2018-05-07,ETHUSD,329.44,329.44,329.44,329.44,0.0,0.0
2018-05-06,ETHUSD,329.44,329.44,329.44,329.44,0.0,0.0
2018-05-05,ETHUSD,329.44,329.44,329.44,329.44,0.0,0.0
2018-05-04,ETHUSD,329.44,329.44,329.44,329.44,0.0,0.0
2018-05-03,ETHUSD,329.44,329.44,329.44,329.44,0.0,0.0
2018-05-02,ETHUSD,329.44,329.44,329.44,329.44,0.0,0.0
2018-05-01,ETHUSD,329.44,329.44,329.44,329.44,0.0,0.0
2018-04-30,ETHUSD,329.44,329.44,329.44,329.44,0.0,0.0
2018-04-29,ETHUSD,329.44,329.44,329.44,329.44,0.0,0.0
2018-04-28,ETHUSD,329.44,329.44,329.44,329.44,0.0,0.0
2018-04-27,ETHUSD,329.44,329.44,329.44,329.44,0.0,0.0
2018-04-26,ETHUSD,329.44,329.44,329.44,329.44,0.0,0.0
2018-04-25,ETHUSD,329.44,329.44,329.44,329.44,0.0,0.0
2018-04-24,ETHUSD,329.44,329.44,329.44,329.44,0.0,0.0
2018-04-23,ETHUSD,329.44,329.44,329.44,329.44,0.0,0.0
2018-04-22,ETHUSD,329.44,329.44,329.44,329.44,0.0,0.0
2018-04-21,ETHUSD,329.44,329.44,329.44,329.44,0.0,0.0
2018-04-20,ETHUSD,329.44,329.44,329.44,329.44,0.0,0.0
2018-04-19,ETHUSD,329.44,329.44,329.44,329.44,0.0,0.0
2018-04-18,ETHUSD,329.44,329.44,329.44,329.44,0.0,0.0
2018-04-17,ETHUSD,329.44,329.44,329.44,329.44,0.0,0.0
2018-04-16,ETHUSD,329.44,329.44,329.44,329.44,0.0,0.0
2018-04-15,ETHUSD,329.44,329.44,329.44,329.44,0.0,0.0
2018-04-14,ETHUSD,329.44,329.44,329.44,329.44,0.0,0.0
2018-04-13,ETHUSD,329.44,329.44,329.44,329.44,0.0,0.0
2018-04-12,ETHUSD,329.44,329.44,329.44,329.44,0.0,0.0
2018-04-11,ETHUSD,329.44,329.44,329.44,329.44,0.0,0.0
2018-04-10,ETHUSD,329.44,329.44,329.44,329.44,0.0,0.0
2018-04-09,ETHUSD,329.44,329.44,329.44,329.44,0.0,0.0
2018-04-08,ETHUSD,329.44,329.44,329.44,329.44,0.0,0.0
2018-04-07,ETHUSD,329.44,329.44,329.44,329.44,0.0,0.0
2018-04-06,ETHUSD,329.44,329.44,329.44,329.44,0.0,0.0
2018-04-05,ETHUSD,329.44,329.44,329.44,329.44,0.0,0.0
2018-04-04,ETHUSD,329.44,329.44,329.44,329.44,0.0,0.0
2018-04-03,ETHUSD,329.44,329.44,329.44,329.44,0.0,0.0
2018-04-02,ETHUSD,329.44,329.44,329.44,329.44,0.0,0.0
2018-04-01,ETHUSD,329.44,329.44,329.44,329.44,0.0,0.0
2018-03-31,ETHUSD,329.44,329.44,329.44,329.44,0.0,0.0
2018-03-30,ETHUSD,329.44,329.44,329.44,329.44,0.0,0.0
2018-03-29,ETHUSD,329.44,329.44,329.44,329.44,0.0,0.0
2018-03-28,ETHUSD,329.44,329.44,329.44,329.44,0.0,0.0
2018-03-27,ETHUSD,329.44,329.44,329.44,329.44,0.0,0.0
2018-03-26,ETHUSD,329.44,329.44,329.44,329.44,0.0,0.0
2018-03-25,ETHUSD,329.44,329.44,329.44,329.44,0.0,0.0
2018-03-24,ETHUSD,329.44,329.44,329.44,329.44,0.0,0.0
2018-03-23,ETHUSD,329.44,329.44,329.44,329.44,0.0,0.0
2018-03-22,ETHUSD,329.44,329.44,329.44,329.44,0.0,0.0
2018-03-21,ETHUSD,329.44,329.44,329.44,329.44,0.0,0.0
2018-03-20,ETHUSD,329.44,329.44,329.44,329.44,0.0,0.0
2018-03-19,ETHUSD,329.44,329.44,329.44,329.44,0.0,0.0
2018-03-18,ETHUSD,329.44,329.44,329.44,329.44,0.0,0.0
2018-03-17,ETHUSD,329.44,329.44,329.44,329.44,0.0,0.0
2018-03-16,ETHUSD,329.44,329.44,329.44,329.44,0.0,0.0
2018-03-15,ETHUSD,329.44,329.44,329.44,329.44,0.0,0.0
2018-03-14,ETHUSD,329.44,329.44,329.44,329.44,0.0,0.0
2018-03-13,ETHUSD,329.44,329.44,329.44,329.44,0.0,0.0
2018-03-12,ETHUSD,329.44,329.44,329.44,329.44,0.0,0.0
2018-03-11,ETHUSD,329.44,329.44,329.44,329.44,0.0,0.0
2018-03-10,ETHUSD,329.44,329.44,329.44,329.44,0.0,0.0
2018-03-09,ETHUSD,329.44,329.44,329.44,329.44,0.0,0.0
2018-03-08,ETHUSD,329.44,329.44,329.44,329.44,0.0,0.0
2018-03-07,ETHUSD,329.44,329.44,329.44,329.44,0.0,0.0
2018-03-06,ETHUSD,329.44,329.44,329.44,329.44,0.0,0.0
2018-03-05,ETHUSD,329.44,329.44,329.44,329.44,0.0,0.0
2018-03-04,ETHUSD,329.44,329.44,329.44,329.44,0.0,0.0
2018-03-03,ETHUSD,329.44,329.44,329.44,329.44,0.0,0.0
2018-03-02,ETHUSD,329.44,329.44,329.44,329.44,0.0,0.0
2018-03-01,ETHUSD,329.44,329.44,329.44,329.44,0.0,0.0
2018-02-28,ETHUSD,329.44,329.44,329.44,329.44,0.0,0.0
2018-02-27,ETHUSD,329.44,329.44,329.44,329.44,0.0,0.0
2018-02-26,ETHUSD,329.44,329.44,329.44,329.44,0.0,0.0
2018-02-25,ETHUSD,329.44,329.44,329.44,329.44,0.0,0.0
2018-02-24,ETHUSD,329.44,329.44,329.44,329.44,0.0,0.0
2018-02-23,ETHUSD,329.44,329.44,329.44,329.44,0.0,0.0
2018-02-22,ETHUSD,329.44,329.44,329.44,329.44,0.0,0.0
2018-02-21,ETHUSD,329.44,329.44,329.44,329.44,0.0,0.0
2018-02-20,ETHUSD,329.44,329.44,329.44,329.44,0.0,0.0
2018-02-19,ETHUSD,329.44,329.44,329.44,329.44,0.0,0.0
2018-02-18,ETHUSD,329.44,329.44,329.44,329.44,0.0,0.0
2018-02-17,ETHUSD,329.44,329.44,329.44,329.44,0.0,0.0
2018-02-16,ETHUSD,329.44,329.44,329.44,329.44,0.0,0.0
2018-02-15,ETHUSD,329.44,329.44,329.44,329.44,0.0,0.0
2018-02-14,ETHUSD,329.44,329.44,329.44,329.44,0.0,0.0
2018-02-13,ETHUSD,329.44,329.44,329.44,329.44,0.0,0.0
2018-02-12,ETHUSD,329.44,329.44,329.44,329.44,0.0,0.0
2018-02-11,ETHUSD,329.44,329.44,329.44,329.44,0.0,0.0
2018-02-10,ETHUSD,329.44,329.44,329.44,329.44,0.0,0.0
2018-02-09,ETHUSD,329.44,329.44,329.44,329.44,0.0,0.0
2018-02-08,ETHUSD,329.44,329.44,329.44,329.44,0.0,0.0
2018-02-07,ETHUSD,329.44,329.44,329.44,329.44,0.0,0.0
2018-02-06,ETHUSD,329.44,329.44,329.44,329.44,0.0,0.0
2018-02-05,ETHUSD,329.44,329.44,329.44,329.44,0.0,0.0
2018-02-04,ETHUSD,329.44,329.44,329.44,329.44,0.0,0.0
2018-02-03,ETHUSD,329.44,329.44,329.44,329.44,0.0,0.0
2018-02-02,ETHUSD,329.44,329.44,329.44,329.44,0.0,0.0
2018-02-01,ETHUSD,329.44,329.44,329.44,329.44,0.0,0.0
2018-01-31,ETHUSD,329.44,329.44,329.44,329.44,0.0,0.0
2018-01-30,ETHUSD,329.44,329.44,329.44,329.44,0.0,0.0
2018-01-29,ETHUSD,329.44,329.44,329.44,329.44,0.0,0.0
2018-01-28,ETHUSD,329.44,329.44,329.44,329.44,0.0,0.0
2018-01-27,ETHUSD,329.44,329.44,329.44,329.44,0.0,0.0
2018-01-26,ETHUSD,329.44,329.44,329.44,329.44,0.0,0.0
2018-01-25,ETHUSD,329.44,329.44,329.44,329.44,0.0,0.0
2018-01-24,ETHUSD,329.44,329.44,329.44,329.44,0.0,0.0
2018-01-23,ETHUSD,329.44,329.44,329.44,329.44,0.0,0.0
2018-01-22,ETHUSD,329.44,329.44,329.44,329.44,0.0,0.0
2018-01-21,ETHUSD,329.44,329.44,329.44,329.44,0.0,0.0
2018-01-20,ETHUSD,329.44,329.44,329.44,329.44,0.0,0.0
2018-01-19,ETHUSD,329.44,329.44,329.44,329.44,0.0,0.0
2018-01-18,ETHUSD,329.44,329.44,329.44,329.44,0.0,0.0
2018-01-17,ETHUSD,329.44,329.44,329.44,329.44,0.0,0.0
2018-01-16,ETHUSD,329.44,329.44,329.44,329.44,0.0,0.0
2018-01-15,ETHUSD,329.44,329.44,329.44,329.44,0.0,0.0
2018-01-14,ETHUSD,329.44,329.44,329.44,329.44,0.0,0.0
2018-01-13,ETHUSD,329.44,329.44,329.44,329.44,0.0,0.0
2018-01-12,ETHUSD,329.44,329.44,329.44,329.44,0.0,0.0
2018-01-11,ETHUSD,329.44,329.44,329.44,329.44,0.0,0.0
2018-01-10,ETHUSD,329.44,329.44,329.44,329.44,0.0,0.0
2018-01-09,ETHUSD,329.44,329.44,329.44,329.44,0.0,0.0
2018-01-08,ETHUSD,329.44,329.44,329.44,329.44,0.0,0.0
2018-01-07,ETHUSD,329.44,329.44,329.44,329.44,0.0,0.0
2018-01-06,ETHUSD,329.44,329.44,329.44,329.44,0.0,0.0
2018-01-05,ETHUSD,329.44,329.44,329.44,329.44,0.0,0.0
2018-01-04,ETHUSD,329.44,329.44,329.44,329.44,0.0,0.0
2018-01-03,ETHUSD,329.44,329.44,329.44,329.44,0.0,0.0
2018-01-02,ETHUSD,329.44,329.44,329.44,329.44,0.0,0.0
2018-01-01,ETHUSD,329.44,329.44,329.44,329.44,0.0,0.0
2017-12-31,ETHUSD,329.44,329.44,329.44,329.44,0.0,0.0
2017-12-30,ETHUSD,329.44,329.44,329.44,329.44,0.0,0.0
2017-12-29,ETHUSD,329.44,329.44,329.44,329.44,0.0,0.0
2017-12-28,ETHUSD,329.44,329.44,329.44,329.44,0.0,0.0
2017-12-27,ETHUSD,329.44,329.44,329.44,329.44,0.0,0.0
2017-12-26,ETHUSD,329.44,329.44,329.44,329.44,0.0,0.0
2017-12-25,ETHUSD,329.44,329.44,329.44,329.44,0.0,0.0
2017-12-24,ETHUSD,329.44,329.44,329.44,329.44,0.0,0.0
2017-12-23,ETHUSD,329.44,329.44,329.44,329.44,0.0,0.0
2017-12-22,ETHUSD,329.44,329.44,329.44,329.44,0.0,0.0
2017-12-21,ETHUSD,329.44,329.44,329.44,329.44,0.0,0.0
2017-12-20,ETHUSD,329.44,329.44,329.44,329.44,0.0,0.0
2017-12-19,ETHUSD,329.44,329.44,329.44,329.44,0.0,0.0
2017-12-18,ETHUSD,329.44,329.44,329.44,329.44,0.0,0.0
2017-12-17,ETHUSD,329.44,329.44,329.44,329.44,0.0,0.0
2017-12-16,ETHUSD,329.44,329.44,329.44,329.44,0.0,0.0
2017-12-15,ETHUSD,329.44,329.44,329.44,329.44,0.0,0.0
2017-12-14,ETHUSD,329.44,329.44,329.44,329.44,0.0,0.0
2017-12-13,ETHUSD,329.44,329.44,329.44,329.44,0.0,0.0
2017-12-12,ETHUSD,329.44,329.44,329.44,329.44,0.0,0.0
2017-12-11,ETHUSD,329.44,329.44,329.44,329.44,0.0,0.0
2017-12-10,ETHUSD,329.44,329.44,329.44,329.44,0.0,0.0
2017-12-09,ETHUSD,329.44,329.44,329.44,329.44,0.0,0.0
2017-12-08,ETHUSD,329.44,329.44,329.44,329.44,0.0,0.0
2017-12-07,ETHUSD,329.44,329.44,329.44,329.44,0.0,0.0
2017-12-06,ETHUSD,329.44,329.44,329.44,329.44,0.0,0.0
2017-12-05,ETHUSD,329.44,329.44,329.44,329.44,0.0,0.0
2017-12-04,ETHUSD,329.44,329.44,329.44,329.44,0.0,0.0
2017-12-03,ETHUSD,329.44,329.44,329.44,329.44,0.0,0.0
2017-12-02,ETHUSD,329.44,329.44,329.44,329.44,0.0,0.0
2017-12-01,ETHUSD,329.44,329.44,329.44,329.44,0.0,0.0
2017-11-30,ETHUSD,329.44,329.44,329.44,329.44,0.0,0.0
2017-11-29,ETHUSD,329.44,329.44,329.44,329.44,0.0,0.0
2017-11-28,ETHUSD,329.44,329.44,329.44,329.44,0.0,0.0
2017-11-27,ETHUSD,329.44,329.44,329.44,329.44,0.0,0.0
2017-11-26,ETHUSD,329.44,329.44,329.44,329.44,0.0,0.0
2017-11-25,ETHUSD,329.44,329.44,329.44,329.44,0.0,0.0
2017-11-24,ETHUSD,329.44,329.44,329.44,329.44,0.0,0.0
2017-11-23,ETHUSD,329.44,329.44,329.44,329.44,0.0,0.0
2017-11-22,ETHUSD,329.44,329.44,329.44,329.44,0.0,0.0
2017-11-21,ETHUSD,329.44,329.44,329.44,329.44,0.0,0.0
2017-11-20,ETHUSD,329.44,329.44,329.44,329.44,0.0,0.0
2017-11-19,ETHUSD,329.44,329.44,329.44,329.44,0.0,0.0
2017-11-18,ETHUSD,329.44,329.44,329.44,329.44,0.0,0.0
2017-11-17,ETHUSD,329.44,329.44,329.44,329.44,0.0,0.0
2017-11-16,ETHUSD,1001,1001,321.01,329.44,519.29,170599.45
2017-11-15,ETHUSD,343.8,2800,338.12,1001,2615.78,1813457.96
2017-11-14,ETHUSD,320.7,353.88,320.68,343.8,1546.36,524442.17
2017-11-13,ETHUSD,321.51,328,308,320.7,677.93,219167.08
2017-11-12,ETHUSD,317.75,325.95,291.08,321.51,4140.87,1273319.55
2017-11-11,ETHUSD,301,325,298.16,317.75,1137.1,348535.77
2017-11-10,ETHUSD,325.63,328.33,297.69,301,1226.11,382231.2
2017-11-09,ETHUSD,315,336.24,313.65,325.63,693.25,223786.56
2017-11-08,ETHUSD,300.17,327.95,295,315,740.27,228575.75
2017-11-07,ETHUSD,302.2,310.57,293.36,300.17,479.41,143766.12
2017-11-06,ETHUSD,297.5,312.84,294,302.2,416.33,126393.73
2017-11-05,ETHUSD,301,304.99,297,297.5,424.88,127713.96
2017-11-04,ETHUSD,306,308.97,296.28,301,679.75,205179.63
2017-11-03,ETHUSD,286.77,309.99,284.58,306,576.92,171468.67
2017-11-02,ETHUSD,290.21,295,275.67,286.77,2183.14,622549.81
2017-11-01,ETHUSD,310.28,311.76,290,290.21,791.1,238948.77
2017-10-31,ETHUSD,310.32,318.1,309,310.28,719.39,225446.41
2017-10-30,ETHUSD,309.27,315.69,306.84,310.32,437.45,136213.67
2017-10-29,ETHUSD,293.68,314.95,293.68,309.27,317.37,97517.87
2017-10-28,ETHUSD,300.41,301.74,292.08,293.68,212.66,63081.98
2017-10-27,ETHUSD,298.84,302.67,295.02,300.41,68.48,20478.48
2017-10-26,ETHUSD,300.16,309.99,295.77,298.84,258.05,77294.0
2017-10-25,ETHUSD,300.02,303.96,290,300.16,325.81,96796.15
2017-10-24,ETHUSD,286,406.92,280.5,300.02,1112.15,356462.27
2017-10-23,ETHUSD,293,295.39,275.31,286,314.31,89488.22
2017-10-22,ETHUSD,302,305.45,292,293,143.7,42552.92
2017-10-21,ETHUSD,306.3,308,292.57,302,311.84,93110.46
2017-10-20,ETHUSD,308.73,318.14,298.12,306.3,770.85,237146.57
2017-10-19,ETHUSD,312.01,315.38,303.73,308.73,178.84,55178.32
2017-10-18,ETHUSD,318.49,318.49,291.01,312.01,678.79,206261.98
2017-10-17,ETHUSD,340.13,340.13,315.25,318.49,433.41,140872.31
2017-10-16,ETHUSD,339.67,364.97,335.37,340.13,626.28,219346.0
2017-10-15,ETHUSD,346.21,353.98,322.51,339.67,534.97,181659.99
2017-10-14,ETHUSD,347.98,359.69,341.56,346.21,531.66,187112.17
2017-10-13,ETHUSD,302.22,358.61,300.63,347.98,3267.51,1090592.73
2017-10-12,ETHUSD,303.54,312.93,298.01,302.22,2070.75,640115.43
2017-10-11,ETHUSD,299,306.58,299,303.54,287.19,86474.78
2017-10-10,ETHUSD,298.9,335,292.32,299,206.28,63431.65
2017-10-09,ETHUSD,311.7,313.16,287.01,298.9,906.43,274367.18
2017-10-08,ETHUSD,314.46,317.57,310.23,311.7,522.48,164209.59
2017-10-07,ETHUSD,310,316.04,306.86,314.46,122.24,37975.34
2017-10-06,ETHUSD,297.09,310,294.19,310,166.25,49894.78
2017-10-05,ETHUSD,295.84,297.09,288.42,297.09,173.56,50945.62
2017-10-04,ETHUSD,294.93,297.2,291.32,295.84,152.68,44901.24
2017-10-03,ETHUSD,302,303.33,290,294.93,206.73,61157.89
2017-10-02,ETHUSD,305.61,307.84,299.29,302,232.81,70569.14
2017-10-01,ETHUSD,309.11,309.11,298.01,305.61,169.39,51165.67
2017-09-30,ETHUSD,295.92,309.3,291.47,309.11,377.89,114876.61
2017-09-29,ETHUSD,302.51,305.25,278.77,295.92,560.64,163407.58
2017-09-28,ETHUSD,311.82,321.99,295,302.51,2002.94,629251.35
2017-09-27,ETHUSD,291.59,317.64,288.86,311.82,636.78,191785.82
2017-09-26,ETHUSD,298.52,300.9,290.04,291.59,548.59,162657.07
2017-09-25,ETHUSD,283,301.67,278.31,298.52,1112.19,329131.51
2017-09-24,ETHUSD,284.33,292,277.06,283,290.4,82373.35
2017-09-23,ETHUSD,258.57,284.33,258.08,284.33,370.19,100556.44
2017-09-22,ETHUSD,256.13,269.5,251.71,258.57,604.34,156888.68
2017-09-21,ETHUSD,278.07,283.25,253.01,256.13,1030.33,277468.39
2017-09-20,ETHUSD,281.19,289.2,270.1,278.07,1168.65,327326.31
2017-09-19,ETHUSD,289.77,291.03,275,281.19,950.32,269704.68
2017-09-18,ETHUSD,256,291.9,256,289.77,1828.69,516849.82
2017-09-17,ETHUSD,247.89,263.42,239.2,256,555.21,138964.03
2017-09-16,ETHUSD,250.13,266.2,238.78,247.89,1702.61,426779.41
2017-09-15,ETHUSD,221.54,260.91,157.99,250.13,5248.48,1147775.78
2017-09-14,ETHUSD,284.63,287.96,217.27,221.54,5225.23,1300543.89
2017-09-13,ETHUSD,290.73,295.85,264,284.63,1437.35,398959.15
2017-09-12,ETHUSD,294.17,315.92,281.46,290.73,2072.07,628606.22
2017-09-11,ETHUSD,279.89,303.79,276.12,294.17,1398.57,409711.29
2017-09-10,ETHUSD,293.49,300.86,241.1,279.89,4224.92,1165907.7
2017-09-09,ETHUSD,300,306.9,282.1,293.49,2597.95,762977.11
2017-09-08,ETHUSD,338.18,341.72,280.44,300,4810.6,1466668.36
2017-09-07,ETHUSD,344.9,347.18,328.24,338.18,902.94,304714.14
2017-09-06,ETHUSD,318,349.04,317.51,344.9,1788.75,597756.07
2017-09-05,ETHUSD,295.05,326.5,261,318,4200.77,1224820.78
2017-09-04,ETHUSD,357.64,357.64,284.05,295.05,6660.27,2072331.24
2017-09-03,ETHUSD,363,379.96,341,357.64,1762.73,627751.25
2017-09-02,ETHUSD,397.88,402.42,340.01,363,5355.72,1972515.84
2017-09-01,ETHUSD,398.5,406.92,395,397.88,2090.97,836787.23
2017-08-31,ETHUSD,401.5,410.88,396.93,398.5,1668.48,670888.67
2017-08-30,ETHUSD,392,410.88,380.04,401.5,1848.18,736334.66
2017-08-29,ETHUSD,365.61,396,364.46,392,1734.8,663808.16
2017-08-28,ETHUSD,366.98,370,350.5,365.61,945.5,342112.28
2017-08-27,ETHUSD,349.55,366.98,346.12,366.98,827.81,294085.23
2017-08-26,ETHUSD,345.97,352.52,341.99,349.55,399.94,138404.13
2017-08-25,ETHUSD,343.49,355,339.08,345.97,585.98,204333.29
2017-08-24,ETHUSD,332.5,346.09,330.76,343.49,1601.15,544112.93
2017-08-23,ETHUSD,333.52,348.47,326.42,332.5,1741.63,583285.9
2017-08-22,ETHUSD,342,350,320.11,333.52,1862.83,623239.32
2017-08-21,ETHUSD,314.67,370.01,312.52,342,2947.32,1007559.53
2017-08-20,ETHUSD,313.35,316.46,307.1,314.67,388.88,121292.97
2017-08-19,ETHUSD,308.14,319,301,313.35,1343.36,416587.85
2017-08-18,ETHUSD,312,323.79,305,308.14,2381.99,747537.2
2017-08-17,ETHUSD,316.22,326.18,308.38,312,2366.93,753786.16
2017-08-16,ETHUSD,301.14,320.57,292.67,316.22,2147.0,660972.96
2017-08-15,ETHUSD,315.54,317.5,290.01,301.14,2586.12,786132.04
2017-08-14,ETHUSD,311.37,322,309.28,315.54,1138.19,360755.72
2017-08-13,ETHUSD,322.3,324.77,300.06,311.37,4180.59,1303967.47
2017-08-12,ETHUSD,320.63,333,320,322.3,2329.8,760634.08
2017-08-11,ETHUSD,306.04,321,304,320.63,1738.93,541906.35
2017-08-10,ETHUSD,309.86,320.25,302.5,306.04,814.98,254410.22
2017-08-09,ETHUSD,309.64,329.9,293.02,309.86,4992.8,1549776.3
2017-08-08,ETHUSD,283.38,310.75,276.81,309.64,2793.04,819021.59
2017-08-07,ETHUSD,272.06,284.96,267.58,283.38,1203.53,334695.46
2017-08-06,ETHUSD,272.71,284,263.2,272.06,3051.44,832626.56
2017-08-05,ETHUSD,230.48,272.8,228.16,272.71,6382.32,1559895.32
2017-08-04,ETHUSD,232.64,235.99,228.7,230.48,2721.01,630549.79
2017-08-03,ETHUSD,224.33,237.99,222.58,232.64,1576.78,362804.35
2017-08-02,ETHUSD,229.06,229.7,220.24,224.33,1578.39,354781.94
2017-08-01,ETHUSD,204.26,231.99,204.26,229.06,3889.88,856076.75
2017-07-31,ETHUSD,197.39,206.99,194.61,204.26,2789.46,561463.83
2017-07-30,ETHUSD,208.48,213,197.39,197.39,1147.44,232420.84
2017-07-29,ETHUSD,198.61,212.77,185,208.48,875.17,169883.48
2017-07-28,ETHUSD,213.37,213.76,194,198.61,3258.57,666953.1
2017-07-27,ETHUSD,208.7,215.1,207.34,213.37,616.57,129667.72
2017-07-26,ETHUSD,213.94,218,200,208.7,680.54,140472.73
2017-07-25,ETHUSD,232.08,233.82,201.89,213.94,3307.2,713056.04
2017-07-24,ETHUSD,230.19,236.71,225.94,232.08,658.64,151698.63
2017-07-23,ETHUSD,237.17,239.25,220.15,230.19,1033.45,236811.28
2017-07-22,ETHUSD,227.06,241,226.22,237.17,1920.37,445651.08
2017-07-21,ETHUSD,231.01,243,219.82,227.06,2731.59,629079.88
2017-07-20,ETHUSD,205.27,242.75,205.27,231.01,5794.49,1326027.78
2017-07-19,ETHUSD,237.44,254.1,197.94,205.27,4420.65,1007103.8
2017-07-18,ETHUSD,193.44,270.29,185.84,237.44,3768.1,853683.03
2017-07-17,ETHUSD,169.57,196.9,163.51,193.44,1866.42,335233.51
2017-07-16,ETHUSD,176.19,181.5,115.52,169.57,3774.43,605388.81
2017-07-15,ETHUSD,204.64,204.72,176.19,176.19,2163.7,411086.7
2017-07-14,ETHUSD,215.31,215.31,188.77,204.64,1421.36,288101.5
2017-07-13,ETHUSD,238,238.86,197.63,215.31,2497.89,538332.83
2017-07-12,ETHUSD,199.87,238,188.04,238,2978.39,653378.83
2017-07-11,ETHUSD,219.91,227.32,185.38,199.87,3224.85,662509.04
2017-07-10,ETHUSD,245.67,248.39,208,219.91,2677.94,620533.82
2017-07-09,ETHUSD,258.08,261.24,245.67,245.67,537.76,136362.73
2017-07-08,ETHUSD,247.29,259.32,237.47,258.08,1131.82,283503.62
2017-07-07,ETHUSD,276.37,276.37,243.64,247.29,1093.78,284043.66
2017-07-06,ETHUSD,273.82,286.59,270,276.37,1317.88,367951.65
2017-07-05,ETHUSD,278.6,281.76,265,273.82,1121.72,306414.89
2017-07-04,ETHUSD,292.48,296.99,278.43,278.6,1387.8,394713.72
2017-07-03,ETHUSD,291.88,304.78,283.27,292.48,1667.6,492550.13
2017-07-02,ETHUSD,281.46,298,261,291.88,2097.24,574112.07
2017-07-01,ETHUSD,300.67,300.67,270,281.46,1533.7,441165.33
2017-06-30,ETHUSD,306.88,320,292.55,300.67,1927.93,583764.09
2017-06-29,ETHUSD,331.06,336.91,291.05,306.88,2299.83,733892.58
2017-06-28,ETHUSD,295.6,336.99,268.18,331.06,3601.56,1113494.5
2017-06-27,ETHUSD,287.93,295.6,227.39,295.6,3193.9,858882.29
2017-06-26,ETHUSD,318,327,243.27,287.93,2967.04,861048.65
2017-06-25,ETHUSD,332.4,341.9,297.01,318,1962.52,623458.3
2017-06-24,ETHUSD,350.71,356.55,324.88,332.4,1394.02,483014.4
2017-06-23,ETHUSD,346.1,359.99,343.35,350.71,1677.25,591042.61
2017-06-22,ETHUSD,364.62,365.92,333.01,346.1,3509.49,1212327.22
2017-06-21,ETHUSD,384.03,397.99,327.32,364.62,2845.92,1018870.13
2017-06-20,ETHUSD,385.01,400,380,384.03,1686.72,650604.92
2017-06-19,ETHUSD,383.98,395,375.52,385.01,1078.48,415992.11
2017-06-18,ETHUSD,379.52,401.93,375.5,383.98,1174.25,457520.39
2017-06-17,ETHUSD,378,390,355.03,379.52,1783.75,670865.12
2017-06-16,ETHUSD,373.59,396.25,345.2,378,411.13,153015.62
2017-06-15,ETHUSD,362.02,378.71,309.69,373.59,1577.16,540852.27
2017-06-14,ETHUSD,404.61,416.1,343.03,362.02,1850.27,711815.7
2017-06-13,ETHUSD,409.99,423.99,376,404.61,2569.97,1017078.8
2017-06-12,ETHUSD,362,3000.11,341.01,409.99,2579.65,1000723.3
2017-06-11,ETHUSD,358,394,322,362,1896.52,673850.45
2017-06-10,ETHUSD,279,395,279,358,1062.99,345831.34
2017-06-09,ETHUSD,272.9,289,262.13,279,53.02,14505.72
2017-06-08,ETHUSD,260.03,274.89,252.04,272.9,187.01,48811.42
